2026-09-16 22:59:12,336:WARNING:
'cuml' is a soft dependency and not included in the pycaret installation. Please run: `pip install cuml` to install.
2026-09-16 22:59:12,336:WARNING:
'cuml' is a soft dependency and not included in the pycaret installation. Please run: `pip install cuml` to install.
2026-09-16 22:59:12,336:WARNING:
'cuml' is a soft dependency and not included in the pycaret installation. Please run: `pip install cuml` to install.
2026-09-16 22:59:12,336:WARNING:
'cuml' is a soft dependency and not included in the pycaret installation. Please run: `pip install cuml` to install.
2026-09-16 22:59:14,164:INFO:PyCaret ClassificationExperiment
2026-09-16 22:59:14,164:INFO:Logging name: clf-default-name
2026-09-16 22:59:14,165:INFO:ML Usecase: MLUsecase.CLASSIFICATION
2026-09-16 22:59:14,165:INFO:version 3.3.2
2026-09-16 22:59:14,165:INFO:Initializing setup()
2026-09-16 22:59:14,166:INFO:self.USI: a555
2026-09-16 22:59:14,166:INFO:self._variable_keys: {'n_jobs_param', 'logging_param', '_available_plots', 'y_test', 'X_test', 'exp_id', 'seed', 'y_train', 'gpu_n_jobs_param', 'gpu_param', 'data', 'fold_generator', 'target_param', 'memory', 'X', 'is_multiclass', 'exp_name_log', 'fix_imbalance', 'idx', 'pipeline', 'html_param', 'y', 'X_train', 'log_plots_param', '_ml_usecase', 'fold_shuffle_param', 'fold_groups_param', 'USI'}
2026-09-16 22:59:14,167:INFO:Checking environment
2026-09-16 22:59:14,167:INFO:python_version: 3.11.6
2026-09-16 22:59:14,167:INFO:python_build: ('tags/v3.11.6:8b6ee5b', 'Oct  2 2023 14:57:12')
2026-09-16 22:59:14,168:INFO:machine: AMD64
2026-09-16 22:59:14,198:INFO:platform: Windows-10-10.0.19045-SP0
2026-09-16 22:59:14,204:INFO:Memory: svmem(total=34157522944, available=21390913536, percent=37.4, used=12766609408, free=21390913536)
2026-09-16 22:59:14,205:INFO:Physical Core: 6
2026-09-16 22:59:14,205:INFO:Logical Core: 12
2026-09-16 22:59:14,205:INFO:Checking libraries
2026-09-16 22:59:14,205:INFO:System:
2026-09-16 22:59:14,205:INFO:    python: 3.11.6 (tags/v3.11.6:8b6ee5b, Oct  2 2023, 14:57:12) [MSC v.1935 64 bit (AMD64)]
2026-09-16 22:59:14,205:INFO:executable: C:\Users\rifqy\AppData\Local\Programs\Python\Python311\python.exe
2026-09-16 22:59:14,205:INFO:   machine: Windows-10-10.0.19045-SP0
2026-09-16 22:59:14,205:INFO:PyCaret required dependencies:
2026-09-16 22:59:14,244:INFO:                 pip: 23.2.1
2026-09-16 22:59:14,244:INFO:          setuptools: 65.5.0
2026-09-16 22:59:14,244:INFO:             pycaret: 3.3.2
2026-09-16 22:59:14,244:INFO:             IPython: 9.17.1
2026-09-16 22:59:14,244:INFO:          ipywidgets: 8.1.9
2026-09-16 22:59:14,244:INFO:                tqdm: 4.70.1
2026-09-16 22:59:14,244:INFO:               numpy: 1.26.4
2026-09-16 22:59:14,244:INFO:              pandas: 2.1.4
2026-09-16 22:59:14,244:INFO:              jinja2: 3.1.6
2026-09-16 22:59:14,244:INFO:               scipy: 1.11.4
2026-09-16 22:59:14,244:INFO:              joblib: 1.3.2
2026-09-16 22:59:14,244:INFO:             sklearn: 1.4.2
2026-09-16 22:59:14,245:INFO:                pyod: 3.4.0
2026-09-16 22:59:14,245:INFO:            imblearn: 0.14.2
2026-09-16 22:59:14,245:INFO:   category_encoders: 2.7.0
2026-09-16 22:59:14,245:INFO:            lightgbm: 4.7.0
2026-09-16 22:59:14,245:INFO:               numba: 0.67.0
2026-09-16 22:59:14,245:INFO:            requests: 2.34.2
2026-09-16 22:59:14,245:INFO:          matplotlib: 3.7.5
2026-09-16 22:59:14,245:INFO:          scikitplot: 0.3.7
2026-09-16 22:59:14,245:INFO:         yellowbrick: 1.5
2026-09-16 22:59:14,245:INFO:              plotly: 6.9.0
2026-09-16 22:59:14,245:INFO:    plotly-resampler: Not installed
2026-09-16 22:59:14,245:INFO:             kaleido: 1.4.0
2026-09-16 22:59:14,245:INFO:           schemdraw: 0.15
2026-09-16 22:59:14,245:INFO:         statsmodels: 0.15.0
2026-09-16 22:59:14,246:INFO:              sktime: 0.26.0
2026-09-16 22:59:14,246:INFO:               tbats: 1.1.3
2026-09-16 22:59:14,246:INFO:            pmdarima: 2.0.4
2026-09-16 22:59:14,246:INFO:              psutil: 7.2.2
2026-09-16 22:59:14,246:INFO:          markupsafe: 3.0.3
2026-09-16 22:59:14,246:INFO:             pickle5: Not installed
2026-09-16 22:59:14,246:INFO:         cloudpickle: 3.1.2
2026-09-16 22:59:14,246:INFO:         deprecation: 2.1.0
2026-09-16 22:59:14,246:INFO:              xxhash: 4.0.1
2026-09-16 22:59:14,246:INFO:           wurlitzer: Not installed
2026-09-16 22:59:14,246:INFO:PyCaret optional dependencies:
2026-09-16 22:59:14,259:INFO:                shap: Not installed
2026-09-16 22:59:14,259:INFO:           interpret: Not installed
2026-09-16 22:59:14,259:INFO:                umap: Not installed
2026-09-16 22:59:14,259:INFO:     ydata_profiling: Not installed
2026-09-16 22:59:14,259:INFO:  explainerdashboard: Not installed
2026-09-16 22:59:14,259:INFO:             autoviz: Not installed
2026-09-16 22:59:14,260:INFO:           fairlearn: Not installed
2026-09-16 22:59:14,260:INFO:          deepchecks: Not installed
2026-09-16 22:59:14,260:INFO:             xgboost: Not installed
2026-09-16 22:59:14,260:INFO:            catboost: Not installed
2026-09-16 22:59:14,260:INFO:              kmodes: Not installed
2026-09-16 22:59:14,260:INFO:             mlxtend: Not installed
2026-09-16 22:59:14,260:INFO:       statsforecast: Not installed
2026-09-16 22:59:14,260:INFO:        tune_sklearn: Not installed
2026-09-16 22:59:14,260:INFO:                 ray: Not installed
2026-09-16 22:59:14,260:INFO:            hyperopt: Not installed
2026-09-16 22:59:14,260:INFO:              optuna: Not installed
2026-09-16 22:59:14,260:INFO:               skopt: Not installed
2026-09-16 22:59:14,260:INFO:              mlflow: Not installed
2026-09-16 22:59:14,260:INFO:              gradio: Not installed
2026-09-16 22:59:14,261:INFO:             fastapi: Not installed
2026-09-16 22:59:14,261:INFO:             uvicorn: Not installed
2026-09-16 22:59:14,261:INFO:              m2cgen: Not installed
2026-09-16 22:59:14,261:INFO:           evidently: Not installed
2026-09-16 22:59:14,261:INFO:               fugue: Not installed
2026-09-16 22:59:14,261:INFO:           streamlit: Not installed
2026-09-16 22:59:14,261:INFO:             prophet: Not installed
2026-09-16 22:59:14,261:INFO:None
2026-09-16 22:59:14,261:INFO:Set up data.
2026-09-16 22:59:14,266:INFO:Set up folding strategy.
2026-09-16 22:59:14,267:INFO:Set up train/test split.
2026-09-16 22:59:14,270:INFO:Set up index.
2026-09-16 22:59:14,271:INFO:Assigning column types.
2026-09-16 22:59:14,274:INFO:Engine successfully changes for model 'lr' to 'sklearn'.
2026-09-16 22:59:14,340:INFO:Engine for model 'knn' has not been set explicitly, hence returning None.
2026-09-16 22:59:14,345:INFO:Engine for model 'rbfsvm' has not been set explicitly, hence returning None.
2026-09-16 22:59:14,404:WARNING:
'xgboost' is a soft dependency and not included in the pycaret installation. Please run: `pip install xgboost` to install.
Alternately, you can install this by running `pip install pycaret[models]`
2026-09-16 22:59:14,405:WARNING:
'catboost' is a soft dependency and not included in the pycaret installation. Please run: `pip install catboost` to install.
Alternately, you can install this by running `pip install pycaret[models]`
2026-09-16 22:59:14,472:INFO:Engine for model 'knn' has not been set explicitly, hence returning None.
2026-09-16 22:59:14,474:INFO:Engine for model 'rbfsvm' has not been set explicitly, hence returning None.
2026-09-16 22:59:14,512:WARNING:
'xgboost' is a soft dependency and not included in the pycaret installation. Please run: `pip install xgboost` to install.
Alternately, you can install this by running `pip install pycaret[models]`
2026-09-16 22:59:14,514:WARNING:
'catboost' is a soft dependency and not included in the pycaret installation. Please run: `pip install catboost` to install.
Alternately, you can install this by running `pip install pycaret[models]`
2026-09-16 22:59:14,514:INFO:Engine successfully changes for model 'knn' to 'sklearn'.
2026-09-16 22:59:14,594:INFO:Engine for model 'rbfsvm' has not been set explicitly, hence returning None.
2026-09-16 22:59:14,637:WARNING:
'xgboost' is a soft dependency and not included in the pycaret installation. Please run: `pip install xgboost` to install.
Alternately, you can install this by running `pip install pycaret[models]`
2026-09-16 22:59:14,637:WARNING:
'catboost' is a soft dependency and not included in the pycaret installation. Please run: `pip install catboost` to install.
Alternately, you can install this by running `pip install pycaret[models]`
2026-09-16 22:59:14,710:INFO:Engine for model 'rbfsvm' has not been set explicitly, hence returning None.
2026-09-16 22:59:14,750:WARNING:
'xgboost' is a soft dependency and not included in the pycaret installation. Please run: `pip install xgboost` to install.
Alternately, you can install this by running `pip install pycaret[models]`
2026-09-16 22:59:14,750:WARNING:
'catboost' is a soft dependency and not included in the pycaret installation. Please run: `pip install catboost` to install.
Alternately, you can install this by running `pip install pycaret[models]`
2026-09-16 22:59:14,751:INFO:Engine successfully changes for model 'rbfsvm' to 'sklearn'.
2026-09-16 22:59:14,864:WARNING:
'xgboost' is a soft dependency and not included in the pycaret installation. Please run: `pip install xgboost` to install.
Alternately, you can install this by running `pip install pycaret[models]`
2026-09-16 22:59:14,865:WARNING:
'catboost' is a soft dependency and not included in the pycaret installation. Please run: `pip install catboost` to install.
Alternately, you can install this by running `pip install pycaret[models]`
2026-09-16 22:59:15,011:WARNING:
'xgboost' is a soft dependency and not included in the pycaret installation. Please run: `pip install xgboost` to install.
Alternately, you can install this by running `pip install pycaret[models]`
2026-09-16 22:59:15,012:WARNING:
'catboost' is a soft dependency and not included in the pycaret installation. Please run: `pip install catboost` to install.
Alternately, you can install this by running `pip install pycaret[models]`
2026-09-16 22:59:15,014:INFO:Preparing preprocessing pipeline...
2026-09-16 22:59:15,015:INFO:Set up simple imputation.
2026-09-16 22:59:15,016:INFO:Set up column name cleaning.
2026-09-16 22:59:15,090:INFO:Finished creating preprocessing pipeline.
2026-09-16 22:59:15,105:INFO:Pipeline: Pipeline(memory=FastMemory(location=C:\Users\rifqy\AppData\Local\Temp\joblib),
         steps=[('numerical_imputer',
                 TransformerWrapper(exclude=None,
                                    include=['sepal length (cm)',
                                             'sepal width (cm)',
                                             'petal length (cm)',
                                             'petal width (cm)'],
                                    transformer=SimpleImputer(add_indicator=False,
                                                              copy=True,
                                                              fill_value=None,
                                                              keep_empty_features=False,
                                                              missing_values=nan,
                                                              strategy='mean'...
                ('categorical_imputer',
                 TransformerWrapper(exclude=None, include=[],
                                    transformer=SimpleImputer(add_indicator=False,
                                                              copy=True,
                                                              fill_value=None,
                                                              keep_empty_features=False,
                                                              missing_values=nan,
                                                              strategy='most_frequent'))),
                ('clean_column_names',
                 TransformerWrapper(exclude=None, include=None,
                                    transformer=CleanColumnNames(match='[\\]\\[\\,\\{\\}\\"\\:]+')))],
         verbose=False)
2026-09-16 22:59:15,105:INFO:Creating final display dataframe.
2026-09-16 22:59:15,268:INFO:Setup _display_container:                     Description             Value
0                    Session id               123
1                        Target            Target
2                   Target type        Multiclass
3           Original data shape          (150, 5)
4        Transformed data shape          (150, 5)
5   Transformed train set shape          (105, 5)
6    Transformed test set shape           (45, 5)
7              Numeric features                 4
8                    Preprocess              True
9               Imputation type            simple
10           Numeric imputation              mean
11       Categorical imputation              mode
12               Fold Generator   StratifiedKFold
13                  Fold Number                10
14                     CPU Jobs                -1
15                      Use GPU             False
16               Log Experiment             False
17              Experiment Name  clf-default-name
18                          USI              a555
2026-09-16 22:59:15,395:WARNING:
'xgboost' is a soft dependency and not included in the pycaret installation. Please run: `pip install xgboost` to install.
Alternately, you can install this by running `pip install pycaret[models]`
2026-09-16 22:59:15,395:WARNING:
'catboost' is a soft dependency and not included in the pycaret installation. Please run: `pip install catboost` to install.
Alternately, you can install this by running `pip install pycaret[models]`
2026-09-16 22:59:15,497:WARNING:
'xgboost' is a soft dependency and not included in the pycaret installation. Please run: `pip install xgboost` to install.
Alternately, you can install this by running `pip install pycaret[models]`
2026-09-16 22:59:15,497:WARNING:
'catboost' is a soft dependency and not included in the pycaret installation. Please run: `pip install catboost` to install.
Alternately, you can install this by running `pip install pycaret[models]`
2026-09-16 22:59:15,499:INFO:setup() successfully completed in 1.35s...............
2026-09-16 22:59:15,499:INFO:Initializing compare_models()
2026-09-16 22:59:15,499:INFO:compare_models(self=<pycaret.classification.oop.ClassificationExperiment object at 0x000002EB3066AC10>, include=None, exclude=None, fold=None, round=4, cross_validation=True, sort=Accuracy, n_select=1, budget_time=None, turbo=True, errors=ignore, fit_kwargs=None, groups=None, experiment_custom_tags=None, probability_threshold=None, verbose=True, parallel=None, caller_params={'self': <pycaret.classification.oop.ClassificationExperiment object at 0x000002EB3066AC10>, 'include': None, 'exclude': None, 'fold': None, 'round': 4, 'cross_validation': True, 'sort': 'Accuracy', 'n_select': 1, 'budget_time': None, 'turbo': True, 'errors': 'ignore', 'fit_kwargs': None, 'groups': None, 'experiment_custom_tags': None, 'probability_threshold': None, 'engine': None, 'verbose': True, 'parallel': None, '__class__': <class 'pycaret.classification.oop.ClassificationExperiment'>})
2026-09-16 22:59:15,499:INFO:Checking exceptions
2026-09-16 22:59:15,502:INFO:Preparing display monitor
2026-09-16 22:59:15,507:INFO:Initializing Logistic Regression
2026-09-16 22:59:15,507:INFO:Total runtime is 0.0 minutes
2026-09-16 22:59:15,507:INFO:SubProcess create_model() called ==================================
2026-09-16 22:59:15,507:INFO:Initializing create_model()
2026-09-16 22:59:15,508:INFO:create_model(self=<pycaret.classification.oop.ClassificationExperiment object at 0x000002EB3066AC10>, estimator=lr, fold=StratifiedKFold(n_splits=10, random_state=None, shuffle=False), round=4, cross_validation=True, predict=True, fit_kwargs={}, groups=None, refit=False, probability_threshold=None, experiment_custom_tags=None, verbose=False, system=False, add_to_model_list=True, metrics=None, display=<pycaret.internal.display.display.CommonDisplay object at 0x000002EB304B93D0>, model_only=True, return_train_score=False, error_score=0.0, kwargs={})
2026-09-16 22:59:15,508:INFO:Checking exceptions
2026-09-16 22:59:15,508:INFO:Importing libraries
2026-09-16 22:59:15,508:INFO:Copying training dataset
2026-09-16 22:59:15,513:INFO:Defining folds
2026-09-16 22:59:15,513:INFO:Declaring metric variables
2026-09-16 22:59:15,513:INFO:Importing untrained model
2026-09-16 22:59:15,513:INFO:Logistic Regression Imported successfully
2026-09-16 22:59:15,514:INFO:Starting cross validation
2026-09-16 22:59:15,514:INFO:Cross validating with StratifiedKFold(n_splits=10, random_state=None, shuffle=False), n_jobs=-1
2026-09-16 22:59:22,136:WARNING:C:\Users\rifqy\AppData\Local\Programs\Python\Python311\Lib\site-packages\pycaret\internal\metrics.py:204: FitFailedWarning: Metric 'make_scorer(roc_auc_score, response_method=('decision_function', 'predict_proba'), average=weighted, multi_class=ovr)' failed and error score 0.0 has been returned instead. If this is a custom metric, this usually means that the error is in the metric code. Full exception below:
Traceback (most recent call last):
  File "C:\Users\rifqy\AppData\Local\Programs\Python\Python311\Lib\site-packages\pycaret\internal\metrics.py", line 196, in _score
    return super()._score(
           ^^^^^^^^^^^^^^^
  File "C:\Users\rifqy\AppData\Local\Programs\Python\Python311\Lib\site-packages\sklearn\metrics\_scorer.py", line 350, in _score
    return self._sign * self._score_func(y_true, y_pred, **scoring_kwargs)
                        ^^^^^^^^^^^^^^^^^^^^^^^^^^^^^^^^^^^^^^^^^^^^^^^^^^
  File "C:\Users\rifqy\AppData\Local\Programs\Python\Python311\Lib\site-packages\pycaret\internal\metrics.py", line 144, in __call__
    return self.score_func(y_true, y_pred, **kwargs)
           ^^^^^^^^^^^^^^^^^^^^^^^^^^^^^^^^^^^^^^^^^
  File "C:\Users\rifqy\AppData\Local\Programs\Python\Python311\Lib\site-packages\sklearn\utils\_param_validation.py", line 213, in wrapper
    return func(*args, **kwargs)
           ^^^^^^^^^^^^^^^^^^^^^
  File "C:\Users\rifqy\AppData\Local\Programs\Python\Python311\Lib\site-packages\sklearn\metrics\_ranking.py", line 634, in roc_auc_score
    return _multiclass_roc_auc_score(
           ^^^^^^^^^^^^^^^^^^^^^^^^^^
  File "C:\Users\rifqy\AppData\Local\Programs\Python\Python311\Lib\site-packages\sklearn\metrics\_ranking.py", line 707, in _multiclass_roc_auc_score
    raise ValueError(
ValueError: Target scores need to be probabilities for multiclass roc_auc, i.e. they should sum up to 1.0 over classes

  warnings.warn(

2026-09-16 22:59:22,137:WARNING:C:\Users\rifqy\AppData\Local\Programs\Python\Python311\Lib\site-packages\pycaret\internal\metrics.py:204: FitFailedWarning: Metric 'make_scorer(roc_auc_score, response_method=('decision_function', 'predict_proba'), average=weighted, multi_class=ovr)' failed and error score 0.0 has been returned instead. If this is a custom metric, this usually means that the error is in the metric code. Full exception below:
Traceback (most recent call last):
  File "C:\Users\rifqy\AppData\Local\Programs\Python\Python311\Lib\site-packages\pycaret\internal\metrics.py", line 196, in _score
    return super()._score(
           ^^^^^^^^^^^^^^^
  File "C:\Users\rifqy\AppData\Local\Programs\Python\Python311\Lib\site-packages\sklearn\metrics\_scorer.py", line 350, in _score
    return self._sign * self._score_func(y_true, y_pred, **scoring_kwargs)
                        ^^^^^^^^^^^^^^^^^^^^^^^^^^^^^^^^^^^^^^^^^^^^^^^^^^
  File "C:\Users\rifqy\AppData\Local\Programs\Python\Python311\Lib\site-packages\pycaret\internal\metrics.py", line 144, in __call__
    return self.score_func(y_true, y_pred, **kwargs)
           ^^^^^^^^^^^^^^^^^^^^^^^^^^^^^^^^^^^^^^^^^
  File "C:\Users\rifqy\AppData\Local\Programs\Python\Python311\Lib\site-packages\sklearn\utils\_param_validation.py", line 213, in wrapper
    return func(*args, **kwargs)
           ^^^^^^^^^^^^^^^^^^^^^
  File "C:\Users\rifqy\AppData\Local\Programs\Python\Python311\Lib\site-packages\sklearn\metrics\_ranking.py", line 634, in roc_auc_score
    return _multiclass_roc_auc_score(
           ^^^^^^^^^^^^^^^^^^^^^^^^^^
  File "C:\Users\rifqy\AppData\Local\Programs\Python\Python311\Lib\site-packages\sklearn\metrics\_ranking.py", line 707, in _multiclass_roc_auc_score
    raise ValueError(
ValueError: Target scores need to be probabilities for multiclass roc_auc, i.e. they should sum up to 1.0 over classes

  warnings.warn(

2026-09-16 22:59:22,175:WARNING:C:\Users\rifqy\AppData\Local\Programs\Python\Python311\Lib\site-packages\pycaret\internal\metrics.py:204: FitFailedWarning: Metric 'make_scorer(roc_auc_score, response_method=('decision_function', 'predict_proba'), average=weighted, multi_class=ovr)' failed and error score 0.0 has been returned instead. If this is a custom metric, this usually means that the error is in the metric code. Full exception below:
Traceback (most recent call last):
  File "C:\Users\rifqy\AppData\Local\Programs\Python\Python311\Lib\site-packages\pycaret\internal\metrics.py", line 196, in _score
    return super()._score(
           ^^^^^^^^^^^^^^^
  File "C:\Users\rifqy\AppData\Local\Programs\Python\Python311\Lib\site-packages\sklearn\metrics\_scorer.py", line 350, in _score
    return self._sign * self._score_func(y_true, y_pred, **scoring_kwargs)
                        ^^^^^^^^^^^^^^^^^^^^^^^^^^^^^^^^^^^^^^^^^^^^^^^^^^
  File "C:\Users\rifqy\AppData\Local\Programs\Python\Python311\Lib\site-packages\pycaret\internal\metrics.py", line 144, in __call__
    return self.score_func(y_true, y_pred, **kwargs)
           ^^^^^^^^^^^^^^^^^^^^^^^^^^^^^^^^^^^^^^^^^
  File "C:\Users\rifqy\AppData\Local\Programs\Python\Python311\Lib\site-packages\sklearn\utils\_param_validation.py", line 213, in wrapper
    return func(*args, **kwargs)
           ^^^^^^^^^^^^^^^^^^^^^
  File "C:\Users\rifqy\AppData\Local\Programs\Python\Python311\Lib\site-packages\sklearn\metrics\_ranking.py", line 634, in roc_auc_score
    return _multiclass_roc_auc_score(
           ^^^^^^^^^^^^^^^^^^^^^^^^^^
  File "C:\Users\rifqy\AppData\Local\Programs\Python\Python311\Lib\site-packages\sklearn\metrics\_ranking.py", line 707, in _multiclass_roc_auc_score
    raise ValueError(
ValueError: Target scores need to be probabilities for multiclass roc_auc, i.e. they should sum up to 1.0 over classes

  warnings.warn(

2026-09-16 22:59:22,189:WARNING:C:\Users\rifqy\AppData\Local\Programs\Python\Python311\Lib\site-packages\pycaret\internal\metrics.py:204: FitFailedWarning: Metric 'make_scorer(roc_auc_score, response_method=('decision_function', 'predict_proba'), average=weighted, multi_class=ovr)' failed and error score 0.0 has been returned instead. If this is a custom metric, this usually means that the error is in the metric code. Full exception below:
Traceback (most recent call last):
  File "C:\Users\rifqy\AppData\Local\Programs\Python\Python311\Lib\site-packages\pycaret\internal\metrics.py", line 196, in _score
    return super()._score(
           ^^^^^^^^^^^^^^^
  File "C:\Users\rifqy\AppData\Local\Programs\Python\Python311\Lib\site-packages\sklearn\metrics\_scorer.py", line 350, in _score
    return self._sign * self._score_func(y_true, y_pred, **scoring_kwargs)
                        ^^^^^^^^^^^^^^^^^^^^^^^^^^^^^^^^^^^^^^^^^^^^^^^^^^
  File "C:\Users\rifqy\AppData\Local\Programs\Python\Python311\Lib\site-packages\pycaret\internal\metrics.py", line 144, in __call__
    return self.score_func(y_true, y_pred, **kwargs)
           ^^^^^^^^^^^^^^^^^^^^^^^^^^^^^^^^^^^^^^^^^
  File "C:\Users\rifqy\AppData\Local\Programs\Python\Python311\Lib\site-packages\sklearn\utils\_param_validation.py", line 213, in wrapper
    return func(*args, **kwargs)
           ^^^^^^^^^^^^^^^^^^^^^
  File "C:\Users\rifqy\AppData\Local\Programs\Python\Python311\Lib\site-packages\sklearn\metrics\_ranking.py", line 634, in roc_auc_score
    return _multiclass_roc_auc_score(
           ^^^^^^^^^^^^^^^^^^^^^^^^^^
  File "C:\Users\rifqy\AppData\Local\Programs\Python\Python311\Lib\site-packages\sklearn\metrics\_ranking.py", line 707, in _multiclass_roc_auc_score
    raise ValueError(
ValueError: Target scores need to be probabilities for multiclass roc_auc, i.e. they should sum up to 1.0 over classes

  warnings.warn(

2026-09-16 22:59:22,201:WARNING:C:\Users\rifqy\AppData\Local\Programs\Python\Python311\Lib\site-packages\pycaret\internal\metrics.py:204: FitFailedWarning: Metric 'make_scorer(roc_auc_score, response_method=('decision_function', 'predict_proba'), average=weighted, multi_class=ovr)' failed and error score 0.0 has been returned instead. If this is a custom metric, this usually means that the error is in the metric code. Full exception below:
Traceback (most recent call last):
  File "C:\Users\rifqy\AppData\Local\Programs\Python\Python311\Lib\site-packages\pycaret\internal\metrics.py", line 196, in _score
    return super()._score(
           ^^^^^^^^^^^^^^^
  File "C:\Users\rifqy\AppData\Local\Programs\Python\Python311\Lib\site-packages\sklearn\metrics\_scorer.py", line 350, in _score
    return self._sign * self._score_func(y_true, y_pred, **scoring_kwargs)
                        ^^^^^^^^^^^^^^^^^^^^^^^^^^^^^^^^^^^^^^^^^^^^^^^^^^
  File "C:\Users\rifqy\AppData\Local\Programs\Python\Python311\Lib\site-packages\pycaret\internal\metrics.py", line 144, in __call__
    return self.score_func(y_true, y_pred, **kwargs)
           ^^^^^^^^^^^^^^^^^^^^^^^^^^^^^^^^^^^^^^^^^
  File "C:\Users\rifqy\AppData\Local\Programs\Python\Python311\Lib\site-packages\sklearn\utils\_param_validation.py", line 213, in wrapper
    return func(*args, **kwargs)
           ^^^^^^^^^^^^^^^^^^^^^
  File "C:\Users\rifqy\AppData\Local\Programs\Python\Python311\Lib\site-packages\sklearn\metrics\_ranking.py", line 634, in roc_auc_score
    return _multiclass_roc_auc_score(
           ^^^^^^^^^^^^^^^^^^^^^^^^^^
  File "C:\Users\rifqy\AppData\Local\Programs\Python\Python311\Lib\site-packages\sklearn\metrics\_ranking.py", line 707, in _multiclass_roc_auc_score
    raise ValueError(
ValueError: Target scores need to be probabilities for multiclass roc_auc, i.e. they should sum up to 1.0 over classes

  warnings.warn(

2026-09-16 22:59:22,205:WARNING:C:\Users\rifqy\AppData\Local\Programs\Python\Python311\Lib\site-packages\pycaret\internal\metrics.py:204: FitFailedWarning: Metric 'make_scorer(roc_auc_score, response_method=('decision_function', 'predict_proba'), average=weighted, multi_class=ovr)' failed and error score 0.0 has been returned instead. If this is a custom metric, this usually means that the error is in the metric code. Full exception below:
Traceback (most recent call last):
  File "C:\Users\rifqy\AppData\Local\Programs\Python\Python311\Lib\site-packages\pycaret\internal\metrics.py", line 196, in _score
    return super()._score(
           ^^^^^^^^^^^^^^^
  File "C:\Users\rifqy\AppData\Local\Programs\Python\Python311\Lib\site-packages\sklearn\metrics\_scorer.py", line 350, in _score
    return self._sign * self._score_func(y_true, y_pred, **scoring_kwargs)
                        ^^^^^^^^^^^^^^^^^^^^^^^^^^^^^^^^^^^^^^^^^^^^^^^^^^
  File "C:\Users\rifqy\AppData\Local\Programs\Python\Python311\Lib\site-packages\pycaret\internal\metrics.py", line 144, in __call__
    return self.score_func(y_true, y_pred, **kwargs)
           ^^^^^^^^^^^^^^^^^^^^^^^^^^^^^^^^^^^^^^^^^
  File "C:\Users\rifqy\AppData\Local\Programs\Python\Python311\Lib\site-packages\sklearn\utils\_param_validation.py", line 213, in wrapper
    return func(*args, **kwargs)
           ^^^^^^^^^^^^^^^^^^^^^
  File "C:\Users\rifqy\AppData\Local\Programs\Python\Python311\Lib\site-packages\sklearn\metrics\_ranking.py", line 634, in roc_auc_score
    return _multiclass_roc_auc_score(
           ^^^^^^^^^^^^^^^^^^^^^^^^^^
  File "C:\Users\rifqy\AppData\Local\Programs\Python\Python311\Lib\site-packages\sklearn\metrics\_ranking.py", line 707, in _multiclass_roc_auc_score
    raise ValueError(
ValueError: Target scores need to be probabilities for multiclass roc_auc, i.e. they should sum up to 1.0 over classes

  warnings.warn(

2026-09-16 22:59:22,272:WARNING:C:\Users\rifqy\AppData\Local\Programs\Python\Python311\Lib\site-packages\pycaret\internal\metrics.py:204: FitFailedWarning: Metric 'make_scorer(roc_auc_score, response_method=('decision_function', 'predict_proba'), average=weighted, multi_class=ovr)' failed and error score 0.0 has been returned instead. If this is a custom metric, this usually means that the error is in the metric code. Full exception below:
Traceback (most recent call last):
  File "C:\Users\rifqy\AppData\Local\Programs\Python\Python311\Lib\site-packages\pycaret\internal\metrics.py", line 196, in _score
    return super()._score(
           ^^^^^^^^^^^^^^^
  File "C:\Users\rifqy\AppData\Local\Programs\Python\Python311\Lib\site-packages\sklearn\metrics\_scorer.py", line 350, in _score
    return self._sign * self._score_func(y_true, y_pred, **scoring_kwargs)
                        ^^^^^^^^^^^^^^^^^^^^^^^^^^^^^^^^^^^^^^^^^^^^^^^^^^
  File "C:\Users\rifqy\AppData\Local\Programs\Python\Python311\Lib\site-packages\pycaret\internal\metrics.py", line 144, in __call__
    return self.score_func(y_true, y_pred, **kwargs)
           ^^^^^^^^^^^^^^^^^^^^^^^^^^^^^^^^^^^^^^^^^
  File "C:\Users\rifqy\AppData\Local\Programs\Python\Python311\Lib\site-packages\sklearn\utils\_param_validation.py", line 213, in wrapper
    return func(*args, **kwargs)
           ^^^^^^^^^^^^^^^^^^^^^
  File "C:\Users\rifqy\AppData\Local\Programs\Python\Python311\Lib\site-packages\sklearn\metrics\_ranking.py", line 634, in roc_auc_score
    return _multiclass_roc_auc_score(
           ^^^^^^^^^^^^^^^^^^^^^^^^^^
  File "C:\Users\rifqy\AppData\Local\Programs\Python\Python311\Lib\site-packages\sklearn\metrics\_ranking.py", line 707, in _multiclass_roc_auc_score
    raise ValueError(
ValueError: Target scores need to be probabilities for multiclass roc_auc, i.e. they should sum up to 1.0 over classes

  warnings.warn(

2026-09-16 22:59:22,357:WARNING:C:\Users\rifqy\AppData\Local\Programs\Python\Python311\Lib\site-packages\pycaret\internal\metrics.py:204: FitFailedWarning: Metric 'make_scorer(roc_auc_score, response_method=('decision_function', 'predict_proba'), average=weighted, multi_class=ovr)' failed and error score 0.0 has been returned instead. If this is a custom metric, this usually means that the error is in the metric code. Full exception below:
Traceback (most recent call last):
  File "C:\Users\rifqy\AppData\Local\Programs\Python\Python311\Lib\site-packages\pycaret\internal\metrics.py", line 196, in _score
    return super()._score(
           ^^^^^^^^^^^^^^^
  File "C:\Users\rifqy\AppData\Local\Programs\Python\Python311\Lib\site-packages\sklearn\metrics\_scorer.py", line 350, in _score
    return self._sign * self._score_func(y_true, y_pred, **scoring_kwargs)
                        ^^^^^^^^^^^^^^^^^^^^^^^^^^^^^^^^^^^^^^^^^^^^^^^^^^
  File "C:\Users\rifqy\AppData\Local\Programs\Python\Python311\Lib\site-packages\pycaret\internal\metrics.py", line 144, in __call__
    return self.score_func(y_true, y_pred, **kwargs)
           ^^^^^^^^^^^^^^^^^^^^^^^^^^^^^^^^^^^^^^^^^
  File "C:\Users\rifqy\AppData\Local\Programs\Python\Python311\Lib\site-packages\sklearn\utils\_param_validation.py", line 213, in wrapper
    return func(*args, **kwargs)
           ^^^^^^^^^^^^^^^^^^^^^
  File "C:\Users\rifqy\AppData\Local\Programs\Python\Python311\Lib\site-packages\sklearn\metrics\_ranking.py", line 634, in roc_auc_score
    return _multiclass_roc_auc_score(
           ^^^^^^^^^^^^^^^^^^^^^^^^^^
  File "C:\Users\rifqy\AppData\Local\Programs\Python\Python311\Lib\site-packages\sklearn\metrics\_ranking.py", line 707, in _multiclass_roc_auc_score
    raise ValueError(
ValueError: Target scores need to be probabilities for multiclass roc_auc, i.e. they should sum up to 1.0 over classes

  warnings.warn(

2026-09-16 22:59:22,454:WARNING:C:\Users\rifqy\AppData\Local\Programs\Python\Python311\Lib\site-packages\pycaret\internal\metrics.py:204: FitFailedWarning: Metric 'make_scorer(roc_auc_score, response_method=('decision_function', 'predict_proba'), average=weighted, multi_class=ovr)' failed and error score 0.0 has been returned instead. If this is a custom metric, this usually means that the error is in the metric code. Full exception below:
Traceback (most recent call last):
  File "C:\Users\rifqy\AppData\Local\Programs\Python\Python311\Lib\site-packages\pycaret\internal\metrics.py", line 196, in _score
    return super()._score(
           ^^^^^^^^^^^^^^^
  File "C:\Users\rifqy\AppData\Local\Programs\Python\Python311\Lib\site-packages\sklearn\metrics\_scorer.py", line 350, in _score
    return self._sign * self._score_func(y_true, y_pred, **scoring_kwargs)
                        ^^^^^^^^^^^^^^^^^^^^^^^^^^^^^^^^^^^^^^^^^^^^^^^^^^
  File "C:\Users\rifqy\AppData\Local\Programs\Python\Python311\Lib\site-packages\pycaret\internal\metrics.py", line 144, in __call__
    return self.score_func(y_true, y_pred, **kwargs)
           ^^^^^^^^^^^^^^^^^^^^^^^^^^^^^^^^^^^^^^^^^
  File "C:\Users\rifqy\AppData\Local\Programs\Python\Python311\Lib\site-packages\sklearn\utils\_param_validation.py", line 213, in wrapper
    return func(*args, **kwargs)
           ^^^^^^^^^^^^^^^^^^^^^
  File "C:\Users\rifqy\AppData\Local\Programs\Python\Python311\Lib\site-packages\sklearn\metrics\_ranking.py", line 634, in roc_auc_score
    return _multiclass_roc_auc_score(
           ^^^^^^^^^^^^^^^^^^^^^^^^^^
  File "C:\Users\rifqy\AppData\Local\Programs\Python\Python311\Lib\site-packages\sklearn\metrics\_ranking.py", line 707, in _multiclass_roc_auc_score
    raise ValueError(
ValueError: Target scores need to be probabilities for multiclass roc_auc, i.e. they should sum up to 1.0 over classes

  warnings.warn(

2026-09-16 22:59:22,492:WARNING:C:\Users\rifqy\AppData\Local\Programs\Python\Python311\Lib\site-packages\pycaret\internal\metrics.py:204: FitFailedWarning: Metric 'make_scorer(roc_auc_score, response_method=('decision_function', 'predict_proba'), average=weighted, multi_class=ovr)' failed and error score 0.0 has been returned instead. If this is a custom metric, this usually means that the error is in the metric code. Full exception below:
Traceback (most recent call last):
  File "C:\Users\rifqy\AppData\Local\Programs\Python\Python311\Lib\site-packages\pycaret\internal\metrics.py", line 196, in _score
    return super()._score(
           ^^^^^^^^^^^^^^^
  File "C:\Users\rifqy\AppData\Local\Programs\Python\Python311\Lib\site-packages\sklearn\metrics\_scorer.py", line 350, in _score
    return self._sign * self._score_func(y_true, y_pred, **scoring_kwargs)
                        ^^^^^^^^^^^^^^^^^^^^^^^^^^^^^^^^^^^^^^^^^^^^^^^^^^
  File "C:\Users\rifqy\AppData\Local\Programs\Python\Python311\Lib\site-packages\pycaret\internal\metrics.py", line 144, in __call__
    return self.score_func(y_true, y_pred, **kwargs)
           ^^^^^^^^^^^^^^^^^^^^^^^^^^^^^^^^^^^^^^^^^
  File "C:\Users\rifqy\AppData\Local\Programs\Python\Python311\Lib\site-packages\sklearn\utils\_param_validation.py", line 213, in wrapper
    return func(*args, **kwargs)
           ^^^^^^^^^^^^^^^^^^^^^
  File "C:\Users\rifqy\AppData\Local\Programs\Python\Python311\Lib\site-packages\sklearn\metrics\_ranking.py", line 634, in roc_auc_score
    return _multiclass_roc_auc_score(
           ^^^^^^^^^^^^^^^^^^^^^^^^^^
  File "C:\Users\rifqy\AppData\Local\Programs\Python\Python311\Lib\site-packages\sklearn\metrics\_ranking.py", line 707, in _multiclass_roc_auc_score
    raise ValueError(
ValueError: Target scores need to be probabilities for multiclass roc_auc, i.e. they should sum up to 1.0 over classes

  warnings.warn(

2026-09-16 22:59:22,509:INFO:Calculating mean and std
2026-09-16 22:59:22,510:INFO:Creating metrics dataframe
2026-09-16 22:59:22,513:INFO:Uploading results into container
2026-09-16 22:59:22,514:INFO:Uploading model into container now
2026-09-16 22:59:22,514:INFO:_master_model_container: 1
2026-09-16 22:59:22,515:INFO:_display_container: 2
2026-09-16 22:59:22,515:INFO:LogisticRegression(C=1.0, class_weight=None, dual=False, fit_intercept=True,
                   intercept_scaling=1, l1_ratio=None, max_iter=1000,
                   multi_class='auto', n_jobs=None, penalty='l2',
                   random_state=123, solver='lbfgs', tol=0.0001, verbose=0,
                   warm_start=False)
2026-09-16 22:59:22,515:INFO:create_model() successfully completed......................................
2026-09-16 22:59:22,605:INFO:SubProcess create_model() end ==================================
2026-09-16 22:59:22,606:INFO:Creating metrics dataframe
2026-09-16 22:59:22,611:INFO:Initializing K Neighbors Classifier
2026-09-16 22:59:22,611:INFO:Total runtime is 0.11841161251068115 minutes
2026-09-16 22:59:22,612:INFO:SubProcess create_model() called ==================================
2026-09-16 22:59:22,612:INFO:Initializing create_model()
2026-09-16 22:59:22,612:INFO:create_model(self=<pycaret.classification.oop.ClassificationExperiment object at 0x000002EB3066AC10>, estimator=knn, fold=StratifiedKFold(n_splits=10, random_state=None, shuffle=False), round=4, cross_validation=True, predict=True, fit_kwargs={}, groups=None, refit=False, probability_threshold=None, experiment_custom_tags=None, verbose=False, system=False, add_to_model_list=True, metrics=None, display=<pycaret.internal.display.display.CommonDisplay object at 0x000002EB304B93D0>, model_only=True, return_train_score=False, error_score=0.0, kwargs={})
2026-09-16 22:59:22,612:INFO:Checking exceptions
2026-09-16 22:59:22,612:INFO:Importing libraries
2026-09-16 22:59:22,613:INFO:Copying training dataset
2026-09-16 22:59:22,619:INFO:Defining folds
2026-09-16 22:59:22,619:INFO:Declaring metric variables
2026-09-16 22:59:22,621:INFO:Importing untrained model
2026-09-16 22:59:22,621:INFO:K Neighbors Classifier Imported successfully
2026-09-16 22:59:22,621:INFO:Starting cross validation
2026-09-16 22:59:22,623:INFO:Cross validating with StratifiedKFold(n_splits=10, random_state=None, shuffle=False), n_jobs=-1
2026-09-16 22:59:26,931:INFO:Calculating mean and std
2026-09-16 22:59:26,932:INFO:Creating metrics dataframe
2026-09-16 22:59:26,934:INFO:Uploading results into container
2026-09-16 22:59:26,935:INFO:Uploading model into container now
2026-09-16 22:59:26,935:INFO:_master_model_container: 2
2026-09-16 22:59:26,936:INFO:_display_container: 2
2026-09-16 22:59:26,936:INFO:KNeighborsClassifier(algorithm='auto', leaf_size=30, metric='minkowski',
                     metric_params=None, n_jobs=-1, n_neighbors=5, p=2,
                     weights='uniform')
2026-09-16 22:59:26,936:INFO:create_model() successfully completed......................................
2026-09-16 22:59:27,020:INFO:SubProcess create_model() end ==================================
2026-09-16 22:59:27,021:INFO:Creating metrics dataframe
2026-09-16 22:59:27,027:INFO:Initializing Naive Bayes
2026-09-16 22:59:27,027:INFO:Total runtime is 0.1920107086499532 minutes
2026-09-16 22:59:27,028:INFO:SubProcess create_model() called ==================================
2026-09-16 22:59:27,028:INFO:Initializing create_model()
2026-09-16 22:59:27,029:INFO:create_model(self=<pycaret.classification.oop.ClassificationExperiment object at 0x000002EB3066AC10>, estimator=nb, fold=StratifiedKFold(n_splits=10, random_state=None, shuffle=False), round=4, cross_validation=True, predict=True, fit_kwargs={}, groups=None, refit=False, probability_threshold=None, experiment_custom_tags=None, verbose=False, system=False, add_to_model_list=True, metrics=None, display=<pycaret.internal.display.display.CommonDisplay object at 0x000002EB304B93D0>, model_only=True, return_train_score=False, error_score=0.0, kwargs={})
2026-09-16 22:59:27,029:INFO:Checking exceptions
2026-09-16 22:59:27,029:INFO:Importing libraries
2026-09-16 22:59:27,029:INFO:Copying training dataset
2026-09-16 22:59:27,036:INFO:Defining folds
2026-09-16 22:59:27,036:INFO:Declaring metric variables
2026-09-16 22:59:27,036:INFO:Importing untrained model
2026-09-16 22:59:27,037:INFO:Naive Bayes Imported successfully
2026-09-16 22:59:27,038:INFO:Starting cross validation
2026-09-16 22:59:27,039:INFO:Cross validating with StratifiedKFold(n_splits=10, random_state=None, shuffle=False), n_jobs=-1
2026-09-16 22:59:27,142:INFO:Calculating mean and std
2026-09-16 22:59:27,144:INFO:Creating metrics dataframe
2026-09-16 22:59:27,149:INFO:Uploading results into container
2026-09-16 22:59:27,151:INFO:Uploading model into container now
2026-09-16 22:59:27,153:INFO:_master_model_container: 3
2026-09-16 22:59:27,153:INFO:_display_container: 2
2026-09-16 22:59:27,153:INFO:GaussianNB(priors=None, var_smoothing=1e-09)
2026-09-16 22:59:27,154:INFO:create_model() successfully completed......................................
2026-09-16 22:59:27,259:INFO:SubProcess create_model() end ==================================
2026-09-16 22:59:27,260:INFO:Creating metrics dataframe
2026-09-16 22:59:27,265:INFO:Initializing Decision Tree Classifier
2026-09-16 22:59:27,265:INFO:Total runtime is 0.1959676742553711 minutes
2026-09-16 22:59:27,265:INFO:SubProcess create_model() called ==================================
2026-09-16 22:59:27,266:INFO:Initializing create_model()
2026-09-16 22:59:27,266:INFO:create_model(self=<pycaret.classification.oop.ClassificationExperiment object at 0x000002EB3066AC10>, estimator=dt, fold=StratifiedKFold(n_splits=10, random_state=None, shuffle=False), round=4, cross_validation=True, predict=True, fit_kwargs={}, groups=None, refit=False, probability_threshold=None, experiment_custom_tags=None, verbose=False, system=False, add_to_model_list=True, metrics=None, display=<pycaret.internal.display.display.CommonDisplay object at 0x000002EB304B93D0>, model_only=True, return_train_score=False, error_score=0.0, kwargs={})
2026-09-16 22:59:27,266:INFO:Checking exceptions
2026-09-16 22:59:27,266:INFO:Importing libraries
2026-09-16 22:59:27,266:INFO:Copying training dataset
2026-09-16 22:59:27,272:INFO:Defining folds
2026-09-16 22:59:27,273:INFO:Declaring metric variables
2026-09-16 22:59:27,273:INFO:Importing untrained model
2026-09-16 22:59:27,274:INFO:Decision Tree Classifier Imported successfully
2026-09-16 22:59:27,274:INFO:Starting cross validation
2026-09-16 22:59:27,276:INFO:Cross validating with StratifiedKFold(n_splits=10, random_state=None, shuffle=False), n_jobs=-1
2026-09-16 22:59:27,401:INFO:Calculating mean and std
2026-09-16 22:59:27,402:INFO:Creating metrics dataframe
2026-09-16 22:59:27,406:INFO:Uploading results into container
2026-09-16 22:59:27,407:INFO:Uploading model into container now
2026-09-16 22:59:27,407:INFO:_master_model_container: 4
2026-09-16 22:59:27,408:INFO:_display_container: 2
2026-09-16 22:59:27,408:INFO:DecisionTreeClassifier(ccp_alpha=0.0, class_weight=None, criterion='gini',
                       max_depth=None, max_features=None, max_leaf_nodes=None,
                       min_impurity_decrease=0.0, min_samples_leaf=1,
                       min_samples_split=2, min_weight_fraction_leaf=0.0,
                       monotonic_cst=None, random_state=123, splitter='best')
2026-09-16 22:59:27,408:INFO:create_model() successfully completed......................................
2026-09-16 22:59:27,491:INFO:SubProcess create_model() end ==================================
2026-09-16 22:59:27,491:INFO:Creating metrics dataframe
2026-09-16 22:59:27,497:INFO:Initializing SVM - Linear Kernel
2026-09-16 22:59:27,497:INFO:Total runtime is 0.1998356540997823 minutes
2026-09-16 22:59:27,497:INFO:SubProcess create_model() called ==================================
2026-09-16 22:59:27,498:INFO:Initializing create_model()
2026-09-16 22:59:27,498:INFO:create_model(self=<pycaret.classification.oop.ClassificationExperiment object at 0x000002EB3066AC10>, estimator=svm, fold=StratifiedKFold(n_splits=10, random_state=None, shuffle=False), round=4, cross_validation=True, predict=True, fit_kwargs={}, groups=None, refit=False, probability_threshold=None, experiment_custom_tags=None, verbose=False, system=False, add_to_model_list=True, metrics=None, display=<pycaret.internal.display.display.CommonDisplay object at 0x000002EB304B93D0>, model_only=True, return_train_score=False, error_score=0.0, kwargs={})
2026-09-16 22:59:27,498:INFO:Checking exceptions
2026-09-16 22:59:27,498:INFO:Importing libraries
2026-09-16 22:59:27,498:INFO:Copying training dataset
2026-09-16 22:59:27,504:INFO:Defining folds
2026-09-16 22:59:27,504:INFO:Declaring metric variables
2026-09-16 22:59:27,505:INFO:Importing untrained model
2026-09-16 22:59:27,506:INFO:SVM - Linear Kernel Imported successfully
2026-09-16 22:59:27,506:INFO:Starting cross validation
2026-09-16 22:59:27,508:INFO:Cross validating with StratifiedKFold(n_splits=10, random_state=None, shuffle=False), n_jobs=-1
2026-09-16 22:59:27,606:WARNING:C:\Users\rifqy\AppData\Local\Programs\Python\Python311\Lib\site-packages\pycaret\internal\metrics.py:204: FitFailedWarning: Metric 'make_scorer(roc_auc_score, response_method=('decision_function', 'predict_proba'), average=weighted, multi_class=ovr)' failed and error score 0.0 has been returned instead. If this is a custom metric, this usually means that the error is in the metric code. Full exception below:
Traceback (most recent call last):
  File "C:\Users\rifqy\AppData\Local\Programs\Python\Python311\Lib\site-packages\pycaret\internal\metrics.py", line 196, in _score
    return super()._score(
           ^^^^^^^^^^^^^^^
  File "C:\Users\rifqy\AppData\Local\Programs\Python\Python311\Lib\site-packages\sklearn\metrics\_scorer.py", line 350, in _score
    return self._sign * self._score_func(y_true, y_pred, **scoring_kwargs)
                        ^^^^^^^^^^^^^^^^^^^^^^^^^^^^^^^^^^^^^^^^^^^^^^^^^^
  File "C:\Users\rifqy\AppData\Local\Programs\Python\Python311\Lib\site-packages\pycaret\internal\metrics.py", line 144, in __call__
    return self.score_func(y_true, y_pred, **kwargs)
           ^^^^^^^^^^^^^^^^^^^^^^^^^^^^^^^^^^^^^^^^^
  File "C:\Users\rifqy\AppData\Local\Programs\Python\Python311\Lib\site-packages\sklearn\utils\_param_validation.py", line 213, in wrapper
    return func(*args, **kwargs)
           ^^^^^^^^^^^^^^^^^^^^^
  File "C:\Users\rifqy\AppData\Local\Programs\Python\Python311\Lib\site-packages\sklearn\metrics\_ranking.py", line 634, in roc_auc_score
    return _multiclass_roc_auc_score(
           ^^^^^^^^^^^^^^^^^^^^^^^^^^
  File "C:\Users\rifqy\AppData\Local\Programs\Python\Python311\Lib\site-packages\sklearn\metrics\_ranking.py", line 707, in _multiclass_roc_auc_score
    raise ValueError(
ValueError: Target scores need to be probabilities for multiclass roc_auc, i.e. they should sum up to 1.0 over classes

  warnings.warn(

2026-09-16 22:59:27,608:WARNING:C:\Users\rifqy\AppData\Local\Programs\Python\Python311\Lib\site-packages\pycaret\internal\metrics.py:204: FitFailedWarning: Metric 'make_scorer(roc_auc_score, response_method=('decision_function', 'predict_proba'), average=weighted, multi_class=ovr)' failed and error score 0.0 has been returned instead. If this is a custom metric, this usually means that the error is in the metric code. Full exception below:
Traceback (most recent call last):
  File "C:\Users\rifqy\AppData\Local\Programs\Python\Python311\Lib\site-packages\pycaret\internal\metrics.py", line 196, in _score
    return super()._score(
           ^^^^^^^^^^^^^^^
  File "C:\Users\rifqy\AppData\Local\Programs\Python\Python311\Lib\site-packages\sklearn\metrics\_scorer.py", line 350, in _score
    return self._sign * self._score_func(y_true, y_pred, **scoring_kwargs)
                        ^^^^^^^^^^^^^^^^^^^^^^^^^^^^^^^^^^^^^^^^^^^^^^^^^^
  File "C:\Users\rifqy\AppData\Local\Programs\Python\Python311\Lib\site-packages\pycaret\internal\metrics.py", line 144, in __call__
    return self.score_func(y_true, y_pred, **kwargs)
           ^^^^^^^^^^^^^^^^^^^^^^^^^^^^^^^^^^^^^^^^^
  File "C:\Users\rifqy\AppData\Local\Programs\Python\Python311\Lib\site-packages\sklearn\utils\_param_validation.py", line 213, in wrapper
    return func(*args, **kwargs)
           ^^^^^^^^^^^^^^^^^^^^^
  File "C:\Users\rifqy\AppData\Local\Programs\Python\Python311\Lib\site-packages\sklearn\metrics\_ranking.py", line 634, in roc_auc_score
    return _multiclass_roc_auc_score(
           ^^^^^^^^^^^^^^^^^^^^^^^^^^
  File "C:\Users\rifqy\AppData\Local\Programs\Python\Python311\Lib\site-packages\sklearn\metrics\_ranking.py", line 707, in _multiclass_roc_auc_score
    raise ValueError(
ValueError: Target scores need to be probabilities for multiclass roc_auc, i.e. they should sum up to 1.0 over classes

  warnings.warn(

2026-09-16 22:59:27,608:WARNING:C:\Users\rifqy\AppData\Local\Programs\Python\Python311\Lib\site-packages\pycaret\internal\metrics.py:204: FitFailedWarning: Metric 'make_scorer(roc_auc_score, response_method=('decision_function', 'predict_proba'), average=weighted, multi_class=ovr)' failed and error score 0.0 has been returned instead. If this is a custom metric, this usually means that the error is in the metric code. Full exception below:
Traceback (most recent call last):
  File "C:\Users\rifqy\AppData\Local\Programs\Python\Python311\Lib\site-packages\pycaret\internal\metrics.py", line 196, in _score
    return super()._score(
           ^^^^^^^^^^^^^^^
  File "C:\Users\rifqy\AppData\Local\Programs\Python\Python311\Lib\site-packages\sklearn\metrics\_scorer.py", line 350, in _score
    return self._sign * self._score_func(y_true, y_pred, **scoring_kwargs)
                        ^^^^^^^^^^^^^^^^^^^^^^^^^^^^^^^^^^^^^^^^^^^^^^^^^^
  File "C:\Users\rifqy\AppData\Local\Programs\Python\Python311\Lib\site-packages\pycaret\internal\metrics.py", line 144, in __call__
    return self.score_func(y_true, y_pred, **kwargs)
           ^^^^^^^^^^^^^^^^^^^^^^^^^^^^^^^^^^^^^^^^^
  File "C:\Users\rifqy\AppData\Local\Programs\Python\Python311\Lib\site-packages\sklearn\utils\_param_validation.py", line 213, in wrapper
    return func(*args, **kwargs)
           ^^^^^^^^^^^^^^^^^^^^^
  File "C:\Users\rifqy\AppData\Local\Programs\Python\Python311\Lib\site-packages\sklearn\metrics\_ranking.py", line 634, in roc_auc_score
    return _multiclass_roc_auc_score(
           ^^^^^^^^^^^^^^^^^^^^^^^^^^
  File "C:\Users\rifqy\AppData\Local\Programs\Python\Python311\Lib\site-packages\sklearn\metrics\_ranking.py", line 707, in _multiclass_roc_auc_score
    raise ValueError(
ValueError: Target scores need to be probabilities for multiclass roc_auc, i.e. they should sum up to 1.0 over classes

  warnings.warn(

2026-09-16 22:59:27,610:WARNING:C:\Users\rifqy\AppData\Local\Programs\Python\Python311\Lib\site-packages\pycaret\internal\metrics.py:204: FitFailedWarning: Metric 'make_scorer(roc_auc_score, response_method=('decision_function', 'predict_proba'), average=weighted, multi_class=ovr)' failed and error score 0.0 has been returned instead. If this is a custom metric, this usually means that the error is in the metric code. Full exception below:
Traceback (most recent call last):
  File "C:\Users\rifqy\AppData\Local\Programs\Python\Python311\Lib\site-packages\pycaret\internal\metrics.py", line 196, in _score
    return super()._score(
           ^^^^^^^^^^^^^^^
  File "C:\Users\rifqy\AppData\Local\Programs\Python\Python311\Lib\site-packages\sklearn\metrics\_scorer.py", line 350, in _score
    return self._sign * self._score_func(y_true, y_pred, **scoring_kwargs)
                        ^^^^^^^^^^^^^^^^^^^^^^^^^^^^^^^^^^^^^^^^^^^^^^^^^^
  File "C:\Users\rifqy\AppData\Local\Programs\Python\Python311\Lib\site-packages\pycaret\internal\metrics.py", line 144, in __call__
    return self.score_func(y_true, y_pred, **kwargs)
           ^^^^^^^^^^^^^^^^^^^^^^^^^^^^^^^^^^^^^^^^^
  File "C:\Users\rifqy\AppData\Local\Programs\Python\Python311\Lib\site-packages\sklearn\utils\_param_validation.py", line 213, in wrapper
    return func(*args, **kwargs)
           ^^^^^^^^^^^^^^^^^^^^^
  File "C:\Users\rifqy\AppData\Local\Programs\Python\Python311\Lib\site-packages\sklearn\metrics\_ranking.py", line 634, in roc_auc_score
    return _multiclass_roc_auc_score(
           ^^^^^^^^^^^^^^^^^^^^^^^^^^
  File "C:\Users\rifqy\AppData\Local\Programs\Python\Python311\Lib\site-packages\sklearn\metrics\_ranking.py", line 707, in _multiclass_roc_auc_score
    raise ValueError(
ValueError: Target scores need to be probabilities for multiclass roc_auc, i.e. they should sum up to 1.0 over classes

  warnings.warn(

2026-09-16 22:59:27,615:WARNING:C:\Users\rifqy\AppData\Local\Programs\Python\Python311\Lib\site-packages\pycaret\internal\metrics.py:204: FitFailedWarning: Metric 'make_scorer(roc_auc_score, response_method=('decision_function', 'predict_proba'), average=weighted, multi_class=ovr)' failed and error score 0.0 has been returned instead. If this is a custom metric, this usually means that the error is in the metric code. Full exception below:
Traceback (most recent call last):
  File "C:\Users\rifqy\AppData\Local\Programs\Python\Python311\Lib\site-packages\pycaret\internal\metrics.py", line 196, in _score
    return super()._score(
           ^^^^^^^^^^^^^^^
  File "C:\Users\rifqy\AppData\Local\Programs\Python\Python311\Lib\site-packages\sklearn\metrics\_scorer.py", line 350, in _score
    return self._sign * self._score_func(y_true, y_pred, **scoring_kwargs)
                        ^^^^^^^^^^^^^^^^^^^^^^^^^^^^^^^^^^^^^^^^^^^^^^^^^^
  File "C:\Users\rifqy\AppData\Local\Programs\Python\Python311\Lib\site-packages\pycaret\internal\metrics.py", line 144, in __call__
    return self.score_func(y_true, y_pred, **kwargs)
           ^^^^^^^^^^^^^^^^^^^^^^^^^^^^^^^^^^^^^^^^^
  File "C:\Users\rifqy\AppData\Local\Programs\Python\Python311\Lib\site-packages\sklearn\utils\_param_validation.py", line 213, in wrapper
    return func(*args, **kwargs)
           ^^^^^^^^^^^^^^^^^^^^^
  File "C:\Users\rifqy\AppData\Local\Programs\Python\Python311\Lib\site-packages\sklearn\metrics\_ranking.py", line 634, in roc_auc_score
    return _multiclass_roc_auc_score(
           ^^^^^^^^^^^^^^^^^^^^^^^^^^
  File "C:\Users\rifqy\AppData\Local\Programs\Python\Python311\Lib\site-packages\sklearn\metrics\_ranking.py", line 707, in _multiclass_roc_auc_score
    raise ValueError(
ValueError: Target scores need to be probabilities for multiclass roc_auc, i.e. they should sum up to 1.0 over classes

  warnings.warn(

2026-09-16 22:59:27,616:WARNING:C:\Users\rifqy\AppData\Local\Programs\Python\Python311\Lib\site-packages\pycaret\internal\metrics.py:204: FitFailedWarning: Metric 'make_scorer(roc_auc_score, response_method=('decision_function', 'predict_proba'), average=weighted, multi_class=ovr)' failed and error score 0.0 has been returned instead. If this is a custom metric, this usually means that the error is in the metric code. Full exception below:
Traceback (most recent call last):
  File "C:\Users\rifqy\AppData\Local\Programs\Python\Python311\Lib\site-packages\pycaret\internal\metrics.py", line 196, in _score
    return super()._score(
           ^^^^^^^^^^^^^^^
  File "C:\Users\rifqy\AppData\Local\Programs\Python\Python311\Lib\site-packages\sklearn\metrics\_scorer.py", line 350, in _score
    return self._sign * self._score_func(y_true, y_pred, **scoring_kwargs)
                        ^^^^^^^^^^^^^^^^^^^^^^^^^^^^^^^^^^^^^^^^^^^^^^^^^^
  File "C:\Users\rifqy\AppData\Local\Programs\Python\Python311\Lib\site-packages\pycaret\internal\metrics.py", line 144, in __call__
    return self.score_func(y_true, y_pred, **kwargs)
           ^^^^^^^^^^^^^^^^^^^^^^^^^^^^^^^^^^^^^^^^^
  File "C:\Users\rifqy\AppData\Local\Programs\Python\Python311\Lib\site-packages\sklearn\utils\_param_validation.py", line 213, in wrapper
    return func(*args, **kwargs)
           ^^^^^^^^^^^^^^^^^^^^^
  File "C:\Users\rifqy\AppData\Local\Programs\Python\Python311\Lib\site-packages\sklearn\metrics\_ranking.py", line 634, in roc_auc_score
    return _multiclass_roc_auc_score(
           ^^^^^^^^^^^^^^^^^^^^^^^^^^
  File "C:\Users\rifqy\AppData\Local\Programs\Python\Python311\Lib\site-packages\sklearn\metrics\_ranking.py", line 707, in _multiclass_roc_auc_score
    raise ValueError(
ValueError: Target scores need to be probabilities for multiclass roc_auc, i.e. they should sum up to 1.0 over classes

  warnings.warn(

2026-09-16 22:59:27,618:WARNING:C:\Users\rifqy\AppData\Local\Programs\Python\Python311\Lib\site-packages\pycaret\internal\metrics.py:204: FitFailedWarning: Metric 'make_scorer(roc_auc_score, response_method=('decision_function', 'predict_proba'), average=weighted, multi_class=ovr)' failed and error score 0.0 has been returned instead. If this is a custom metric, this usually means that the error is in the metric code. Full exception below:
Traceback (most recent call last):
  File "C:\Users\rifqy\AppData\Local\Programs\Python\Python311\Lib\site-packages\pycaret\internal\metrics.py", line 196, in _score
    return super()._score(
           ^^^^^^^^^^^^^^^
  File "C:\Users\rifqy\AppData\Local\Programs\Python\Python311\Lib\site-packages\sklearn\metrics\_scorer.py", line 350, in _score
    return self._sign * self._score_func(y_true, y_pred, **scoring_kwargs)
                        ^^^^^^^^^^^^^^^^^^^^^^^^^^^^^^^^^^^^^^^^^^^^^^^^^^
  File "C:\Users\rifqy\AppData\Local\Programs\Python\Python311\Lib\site-packages\pycaret\internal\metrics.py", line 144, in __call__
    return self.score_func(y_true, y_pred, **kwargs)
           ^^^^^^^^^^^^^^^^^^^^^^^^^^^^^^^^^^^^^^^^^
  File "C:\Users\rifqy\AppData\Local\Programs\Python\Python311\Lib\site-packages\sklearn\utils\_param_validation.py", line 213, in wrapper
    return func(*args, **kwargs)
           ^^^^^^^^^^^^^^^^^^^^^
  File "C:\Users\rifqy\AppData\Local\Programs\Python\Python311\Lib\site-packages\sklearn\metrics\_ranking.py", line 634, in roc_auc_score
    return _multiclass_roc_auc_score(
           ^^^^^^^^^^^^^^^^^^^^^^^^^^
  File "C:\Users\rifqy\AppData\Local\Programs\Python\Python311\Lib\site-packages\sklearn\metrics\_ranking.py", line 707, in _multiclass_roc_auc_score
    raise ValueError(
ValueError: Target scores need to be probabilities for multiclass roc_auc, i.e. they should sum up to 1.0 over classes

  warnings.warn(

2026-09-16 22:59:27,620:WARNING:C:\Users\rifqy\AppData\Local\Programs\Python\Python311\Lib\site-packages\pycaret\internal\metrics.py:204: FitFailedWarning: Metric 'make_scorer(roc_auc_score, response_method=('decision_function', 'predict_proba'), average=weighted, multi_class=ovr)' failed and error score 0.0 has been returned instead. If this is a custom metric, this usually means that the error is in the metric code. Full exception below:
Traceback (most recent call last):
  File "C:\Users\rifqy\AppData\Local\Programs\Python\Python311\Lib\site-packages\pycaret\internal\metrics.py", line 196, in _score
    return super()._score(
           ^^^^^^^^^^^^^^^
  File "C:\Users\rifqy\AppData\Local\Programs\Python\Python311\Lib\site-packages\sklearn\metrics\_scorer.py", line 350, in _score
    return self._sign * self._score_func(y_true, y_pred, **scoring_kwargs)
                        ^^^^^^^^^^^^^^^^^^^^^^^^^^^^^^^^^^^^^^^^^^^^^^^^^^
  File "C:\Users\rifqy\AppData\Local\Programs\Python\Python311\Lib\site-packages\pycaret\internal\metrics.py", line 144, in __call__
    return self.score_func(y_true, y_pred, **kwargs)
           ^^^^^^^^^^^^^^^^^^^^^^^^^^^^^^^^^^^^^^^^^
  File "C:\Users\rifqy\AppData\Local\Programs\Python\Python311\Lib\site-packages\sklearn\utils\_param_validation.py", line 213, in wrapper
    return func(*args, **kwargs)
           ^^^^^^^^^^^^^^^^^^^^^
  File "C:\Users\rifqy\AppData\Local\Programs\Python\Python311\Lib\site-packages\sklearn\metrics\_ranking.py", line 634, in roc_auc_score
    return _multiclass_roc_auc_score(
           ^^^^^^^^^^^^^^^^^^^^^^^^^^
  File "C:\Users\rifqy\AppData\Local\Programs\Python\Python311\Lib\site-packages\sklearn\metrics\_ranking.py", line 707, in _multiclass_roc_auc_score
    raise ValueError(
ValueError: Target scores need to be probabilities for multiclass roc_auc, i.e. they should sum up to 1.0 over classes

  warnings.warn(

2026-09-16 22:59:27,624:WARNING:C:\Users\rifqy\AppData\Local\Programs\Python\Python311\Lib\site-packages\sklearn\metrics\_classification.py:1509: UndefinedMetricWarning: Precision is ill-defined and being set to 0.0 in labels with no predicted samples. Use `zero_division` parameter to control this behavior.
  _warn_prf(average, modifier, f"{metric.capitalize()} is", len(result))

2026-09-16 22:59:27,625:WARNING:C:\Users\rifqy\AppData\Local\Programs\Python\Python311\Lib\site-packages\sklearn\metrics\_classification.py:1509: UndefinedMetricWarning: Precision is ill-defined and being set to 0.0 in labels with no predicted samples. Use `zero_division` parameter to control this behavior.
  _warn_prf(average, modifier, f"{metric.capitalize()} is", len(result))

2026-09-16 22:59:27,629:WARNING:C:\Users\rifqy\AppData\Local\Programs\Python\Python311\Lib\site-packages\pycaret\internal\metrics.py:204: FitFailedWarning: Metric 'make_scorer(roc_auc_score, response_method=('decision_function', 'predict_proba'), average=weighted, multi_class=ovr)' failed and error score 0.0 has been returned instead. If this is a custom metric, this usually means that the error is in the metric code. Full exception below:
Traceback (most recent call last):
  File "C:\Users\rifqy\AppData\Local\Programs\Python\Python311\Lib\site-packages\pycaret\internal\metrics.py", line 196, in _score
    return super()._score(
           ^^^^^^^^^^^^^^^
  File "C:\Users\rifqy\AppData\Local\Programs\Python\Python311\Lib\site-packages\sklearn\metrics\_scorer.py", line 350, in _score
    return self._sign * self._score_func(y_true, y_pred, **scoring_kwargs)
                        ^^^^^^^^^^^^^^^^^^^^^^^^^^^^^^^^^^^^^^^^^^^^^^^^^^
  File "C:\Users\rifqy\AppData\Local\Programs\Python\Python311\Lib\site-packages\pycaret\internal\metrics.py", line 144, in __call__
    return self.score_func(y_true, y_pred, **kwargs)
           ^^^^^^^^^^^^^^^^^^^^^^^^^^^^^^^^^^^^^^^^^
  File "C:\Users\rifqy\AppData\Local\Programs\Python\Python311\Lib\site-packages\sklearn\utils\_param_validation.py", line 213, in wrapper
    return func(*args, **kwargs)
           ^^^^^^^^^^^^^^^^^^^^^
  File "C:\Users\rifqy\AppData\Local\Programs\Python\Python311\Lib\site-packages\sklearn\metrics\_ranking.py", line 634, in roc_auc_score
    return _multiclass_roc_auc_score(
           ^^^^^^^^^^^^^^^^^^^^^^^^^^
  File "C:\Users\rifqy\AppData\Local\Programs\Python\Python311\Lib\site-packages\sklearn\metrics\_ranking.py", line 707, in _multiclass_roc_auc_score
    raise ValueError(
ValueError: Target scores need to be probabilities for multiclass roc_auc, i.e. they should sum up to 1.0 over classes

  warnings.warn(

2026-09-16 22:59:27,629:WARNING:C:\Users\rifqy\AppData\Local\Programs\Python\Python311\Lib\site-packages\sklearn\metrics\_classification.py:1509: UndefinedMetricWarning: Precision is ill-defined and being set to 0.0 in labels with no predicted samples. Use `zero_division` parameter to control this behavior.
  _warn_prf(average, modifier, f"{metric.capitalize()} is", len(result))

2026-09-16 22:59:27,633:WARNING:C:\Users\rifqy\AppData\Local\Programs\Python\Python311\Lib\site-packages\pycaret\internal\metrics.py:204: FitFailedWarning: Metric 'make_scorer(roc_auc_score, response_method=('decision_function', 'predict_proba'), average=weighted, multi_class=ovr)' failed and error score 0.0 has been returned instead. If this is a custom metric, this usually means that the error is in the metric code. Full exception below:
Traceback (most recent call last):
  File "C:\Users\rifqy\AppData\Local\Programs\Python\Python311\Lib\site-packages\pycaret\internal\metrics.py", line 196, in _score
    return super()._score(
           ^^^^^^^^^^^^^^^
  File "C:\Users\rifqy\AppData\Local\Programs\Python\Python311\Lib\site-packages\sklearn\metrics\_scorer.py", line 350, in _score
    return self._sign * self._score_func(y_true, y_pred, **scoring_kwargs)
                        ^^^^^^^^^^^^^^^^^^^^^^^^^^^^^^^^^^^^^^^^^^^^^^^^^^
  File "C:\Users\rifqy\AppData\Local\Programs\Python\Python311\Lib\site-packages\pycaret\internal\metrics.py", line 144, in __call__
    return self.score_func(y_true, y_pred, **kwargs)
           ^^^^^^^^^^^^^^^^^^^^^^^^^^^^^^^^^^^^^^^^^
  File "C:\Users\rifqy\AppData\Local\Programs\Python\Python311\Lib\site-packages\sklearn\utils\_param_validation.py", line 213, in wrapper
    return func(*args, **kwargs)
           ^^^^^^^^^^^^^^^^^^^^^
  File "C:\Users\rifqy\AppData\Local\Programs\Python\Python311\Lib\site-packages\sklearn\metrics\_ranking.py", line 634, in roc_auc_score
    return _multiclass_roc_auc_score(
           ^^^^^^^^^^^^^^^^^^^^^^^^^^
  File "C:\Users\rifqy\AppData\Local\Programs\Python\Python311\Lib\site-packages\sklearn\metrics\_ranking.py", line 707, in _multiclass_roc_auc_score
    raise ValueError(
ValueError: Target scores need to be probabilities for multiclass roc_auc, i.e. they should sum up to 1.0 over classes

  warnings.warn(

2026-09-16 22:59:27,639:WARNING:C:\Users\rifqy\AppData\Local\Programs\Python\Python311\Lib\site-packages\sklearn\metrics\_classification.py:1509: UndefinedMetricWarning: Precision is ill-defined and being set to 0.0 in labels with no predicted samples. Use `zero_division` parameter to control this behavior.
  _warn_prf(average, modifier, f"{metric.capitalize()} is", len(result))

2026-09-16 22:59:27,643:WARNING:C:\Users\rifqy\AppData\Local\Programs\Python\Python311\Lib\site-packages\sklearn\metrics\_classification.py:1509: UndefinedMetricWarning: Precision is ill-defined and being set to 0.0 in labels with no predicted samples. Use `zero_division` parameter to control this behavior.
  _warn_prf(average, modifier, f"{metric.capitalize()} is", len(result))

2026-09-16 22:59:27,648:WARNING:C:\Users\rifqy\AppData\Local\Programs\Python\Python311\Lib\site-packages\sklearn\metrics\_classification.py:1509: UndefinedMetricWarning: Precision is ill-defined and being set to 0.0 in labels with no predicted samples. Use `zero_division` parameter to control this behavior.
  _warn_prf(average, modifier, f"{metric.capitalize()} is", len(result))

2026-09-16 22:59:27,665:INFO:Calculating mean and std
2026-09-16 22:59:27,666:INFO:Creating metrics dataframe
2026-09-16 22:59:27,670:INFO:Uploading results into container
2026-09-16 22:59:27,671:INFO:Uploading model into container now
2026-09-16 22:59:27,671:INFO:_master_model_container: 5
2026-09-16 22:59:27,671:INFO:_display_container: 2
2026-09-16 22:59:27,672:INFO:SGDClassifier(alpha=0.0001, average=False, class_weight=None,
              early_stopping=False, epsilon=0.1, eta0=0.001, fit_intercept=True,
              l1_ratio=0.15, learning_rate='optimal', loss='hinge',
              max_iter=1000, n_iter_no_change=5, n_jobs=-1, penalty='l2',
              power_t=0.5, random_state=123, shuffle=True, tol=0.001,
              validation_fraction=0.1, verbose=0, warm_start=False)
2026-09-16 22:59:27,672:INFO:create_model() successfully completed......................................
2026-09-16 22:59:27,750:INFO:SubProcess create_model() end ==================================
2026-09-16 22:59:27,751:INFO:Creating metrics dataframe
2026-09-16 22:59:27,756:INFO:Initializing Ridge Classifier
2026-09-16 22:59:27,756:INFO:Total runtime is 0.2041540821393331 minutes
2026-09-16 22:59:27,756:INFO:SubProcess create_model() called ==================================
2026-09-16 22:59:27,756:INFO:Initializing create_model()
2026-09-16 22:59:27,756:INFO:create_model(self=<pycaret.classification.oop.ClassificationExperiment object at 0x000002EB3066AC10>, estimator=ridge, fold=StratifiedKFold(n_splits=10, random_state=None, shuffle=False), round=4, cross_validation=True, predict=True, fit_kwargs={}, groups=None, refit=False, probability_threshold=None, experiment_custom_tags=None, verbose=False, system=False, add_to_model_list=True, metrics=None, display=<pycaret.internal.display.display.CommonDisplay object at 0x000002EB304B93D0>, model_only=True, return_train_score=False, error_score=0.0, kwargs={})
2026-09-16 22:59:27,756:INFO:Checking exceptions
2026-09-16 22:59:27,756:INFO:Importing libraries
2026-09-16 22:59:27,756:INFO:Copying training dataset
2026-09-16 22:59:27,761:INFO:Defining folds
2026-09-16 22:59:27,761:INFO:Declaring metric variables
2026-09-16 22:59:27,761:INFO:Importing untrained model
2026-09-16 22:59:27,762:INFO:Ridge Classifier Imported successfully
2026-09-16 22:59:27,762:INFO:Starting cross validation
2026-09-16 22:59:27,763:INFO:Cross validating with StratifiedKFold(n_splits=10, random_state=None, shuffle=False), n_jobs=-1
2026-09-16 22:59:27,806:WARNING:C:\Users\rifqy\AppData\Local\Programs\Python\Python311\Lib\site-packages\pycaret\internal\metrics.py:204: FitFailedWarning: Metric 'make_scorer(roc_auc_score, response_method=('decision_function', 'predict_proba'), average=weighted, multi_class=ovr)' failed and error score 0.0 has been returned instead. If this is a custom metric, this usually means that the error is in the metric code. Full exception below:
Traceback (most recent call last):
  File "C:\Users\rifqy\AppData\Local\Programs\Python\Python311\Lib\site-packages\pycaret\internal\metrics.py", line 196, in _score
    return super()._score(
           ^^^^^^^^^^^^^^^
  File "C:\Users\rifqy\AppData\Local\Programs\Python\Python311\Lib\site-packages\sklearn\metrics\_scorer.py", line 350, in _score
    return self._sign * self._score_func(y_true, y_pred, **scoring_kwargs)
                        ^^^^^^^^^^^^^^^^^^^^^^^^^^^^^^^^^^^^^^^^^^^^^^^^^^
  File "C:\Users\rifqy\AppData\Local\Programs\Python\Python311\Lib\site-packages\pycaret\internal\metrics.py", line 144, in __call__
    return self.score_func(y_true, y_pred, **kwargs)
           ^^^^^^^^^^^^^^^^^^^^^^^^^^^^^^^^^^^^^^^^^
  File "C:\Users\rifqy\AppData\Local\Programs\Python\Python311\Lib\site-packages\sklearn\utils\_param_validation.py", line 213, in wrapper
    return func(*args, **kwargs)
           ^^^^^^^^^^^^^^^^^^^^^
  File "C:\Users\rifqy\AppData\Local\Programs\Python\Python311\Lib\site-packages\sklearn\metrics\_ranking.py", line 634, in roc_auc_score
    return _multiclass_roc_auc_score(
           ^^^^^^^^^^^^^^^^^^^^^^^^^^
  File "C:\Users\rifqy\AppData\Local\Programs\Python\Python311\Lib\site-packages\sklearn\metrics\_ranking.py", line 707, in _multiclass_roc_auc_score
    raise ValueError(
ValueError: Target scores need to be probabilities for multiclass roc_auc, i.e. they should sum up to 1.0 over classes

  warnings.warn(

2026-09-16 22:59:27,807:WARNING:C:\Users\rifqy\AppData\Local\Programs\Python\Python311\Lib\site-packages\pycaret\internal\metrics.py:204: FitFailedWarning: Metric 'make_scorer(roc_auc_score, response_method=('decision_function', 'predict_proba'), average=weighted, multi_class=ovr)' failed and error score 0.0 has been returned instead. If this is a custom metric, this usually means that the error is in the metric code. Full exception below:
Traceback (most recent call last):
  File "C:\Users\rifqy\AppData\Local\Programs\Python\Python311\Lib\site-packages\pycaret\internal\metrics.py", line 196, in _score
    return super()._score(
           ^^^^^^^^^^^^^^^
  File "C:\Users\rifqy\AppData\Local\Programs\Python\Python311\Lib\site-packages\sklearn\metrics\_scorer.py", line 350, in _score
    return self._sign * self._score_func(y_true, y_pred, **scoring_kwargs)
                        ^^^^^^^^^^^^^^^^^^^^^^^^^^^^^^^^^^^^^^^^^^^^^^^^^^
  File "C:\Users\rifqy\AppData\Local\Programs\Python\Python311\Lib\site-packages\pycaret\internal\metrics.py", line 144, in __call__
    return self.score_func(y_true, y_pred, **kwargs)
           ^^^^^^^^^^^^^^^^^^^^^^^^^^^^^^^^^^^^^^^^^
  File "C:\Users\rifqy\AppData\Local\Programs\Python\Python311\Lib\site-packages\sklearn\utils\_param_validation.py", line 213, in wrapper
    return func(*args, **kwargs)
           ^^^^^^^^^^^^^^^^^^^^^
  File "C:\Users\rifqy\AppData\Local\Programs\Python\Python311\Lib\site-packages\sklearn\metrics\_ranking.py", line 634, in roc_auc_score
    return _multiclass_roc_auc_score(
           ^^^^^^^^^^^^^^^^^^^^^^^^^^
  File "C:\Users\rifqy\AppData\Local\Programs\Python\Python311\Lib\site-packages\sklearn\metrics\_ranking.py", line 707, in _multiclass_roc_auc_score
    raise ValueError(
ValueError: Target scores need to be probabilities for multiclass roc_auc, i.e. they should sum up to 1.0 over classes

  warnings.warn(

2026-09-16 22:59:27,810:WARNING:C:\Users\rifqy\AppData\Local\Programs\Python\Python311\Lib\site-packages\pycaret\internal\metrics.py:204: FitFailedWarning: Metric 'make_scorer(roc_auc_score, response_method=('decision_function', 'predict_proba'), average=weighted, multi_class=ovr)' failed and error score 0.0 has been returned instead. If this is a custom metric, this usually means that the error is in the metric code. Full exception below:
Traceback (most recent call last):
  File "C:\Users\rifqy\AppData\Local\Programs\Python\Python311\Lib\site-packages\pycaret\internal\metrics.py", line 196, in _score
    return super()._score(
           ^^^^^^^^^^^^^^^
  File "C:\Users\rifqy\AppData\Local\Programs\Python\Python311\Lib\site-packages\sklearn\metrics\_scorer.py", line 350, in _score
    return self._sign * self._score_func(y_true, y_pred, **scoring_kwargs)
                        ^^^^^^^^^^^^^^^^^^^^^^^^^^^^^^^^^^^^^^^^^^^^^^^^^^
  File "C:\Users\rifqy\AppData\Local\Programs\Python\Python311\Lib\site-packages\pycaret\internal\metrics.py", line 144, in __call__
    return self.score_func(y_true, y_pred, **kwargs)
           ^^^^^^^^^^^^^^^^^^^^^^^^^^^^^^^^^^^^^^^^^
  File "C:\Users\rifqy\AppData\Local\Programs\Python\Python311\Lib\site-packages\sklearn\utils\_param_validation.py", line 213, in wrapper
    return func(*args, **kwargs)
           ^^^^^^^^^^^^^^^^^^^^^
  File "C:\Users\rifqy\AppData\Local\Programs\Python\Python311\Lib\site-packages\sklearn\metrics\_ranking.py", line 634, in roc_auc_score
    return _multiclass_roc_auc_score(
           ^^^^^^^^^^^^^^^^^^^^^^^^^^
  File "C:\Users\rifqy\AppData\Local\Programs\Python\Python311\Lib\site-packages\sklearn\metrics\_ranking.py", line 707, in _multiclass_roc_auc_score
    raise ValueError(
ValueError: Target scores need to be probabilities for multiclass roc_auc, i.e. they should sum up to 1.0 over classes

  warnings.warn(

2026-09-16 22:59:27,811:WARNING:C:\Users\rifqy\AppData\Local\Programs\Python\Python311\Lib\site-packages\pycaret\internal\metrics.py:204: FitFailedWarning: Metric 'make_scorer(roc_auc_score, response_method=('decision_function', 'predict_proba'), average=weighted, multi_class=ovr)' failed and error score 0.0 has been returned instead. If this is a custom metric, this usually means that the error is in the metric code. Full exception below:
Traceback (most recent call last):
  File "C:\Users\rifqy\AppData\Local\Programs\Python\Python311\Lib\site-packages\pycaret\internal\metrics.py", line 196, in _score
    return super()._score(
           ^^^^^^^^^^^^^^^
  File "C:\Users\rifqy\AppData\Local\Programs\Python\Python311\Lib\site-packages\sklearn\metrics\_scorer.py", line 350, in _score
    return self._sign * self._score_func(y_true, y_pred, **scoring_kwargs)
                        ^^^^^^^^^^^^^^^^^^^^^^^^^^^^^^^^^^^^^^^^^^^^^^^^^^
  File "C:\Users\rifqy\AppData\Local\Programs\Python\Python311\Lib\site-packages\pycaret\internal\metrics.py", line 144, in __call__
    return self.score_func(y_true, y_pred, **kwargs)
           ^^^^^^^^^^^^^^^^^^^^^^^^^^^^^^^^^^^^^^^^^
  File "C:\Users\rifqy\AppData\Local\Programs\Python\Python311\Lib\site-packages\sklearn\utils\_param_validation.py", line 213, in wrapper
    return func(*args, **kwargs)
           ^^^^^^^^^^^^^^^^^^^^^
  File "C:\Users\rifqy\AppData\Local\Programs\Python\Python311\Lib\site-packages\sklearn\metrics\_ranking.py", line 634, in roc_auc_score
    return _multiclass_roc_auc_score(
           ^^^^^^^^^^^^^^^^^^^^^^^^^^
  File "C:\Users\rifqy\AppData\Local\Programs\Python\Python311\Lib\site-packages\sklearn\metrics\_ranking.py", line 707, in _multiclass_roc_auc_score
    raise ValueError(
ValueError: Target scores need to be probabilities for multiclass roc_auc, i.e. they should sum up to 1.0 over classes

  warnings.warn(

2026-09-16 22:59:27,813:WARNING:C:\Users\rifqy\AppData\Local\Programs\Python\Python311\Lib\site-packages\pycaret\internal\metrics.py:204: FitFailedWarning: Metric 'make_scorer(roc_auc_score, response_method=('decision_function', 'predict_proba'), average=weighted, multi_class=ovr)' failed and error score 0.0 has been returned instead. If this is a custom metric, this usually means that the error is in the metric code. Full exception below:
Traceback (most recent call last):
  File "C:\Users\rifqy\AppData\Local\Programs\Python\Python311\Lib\site-packages\pycaret\internal\metrics.py", line 196, in _score
    return super()._score(
           ^^^^^^^^^^^^^^^
  File "C:\Users\rifqy\AppData\Local\Programs\Python\Python311\Lib\site-packages\sklearn\metrics\_scorer.py", line 350, in _score
    return self._sign * self._score_func(y_true, y_pred, **scoring_kwargs)
                        ^^^^^^^^^^^^^^^^^^^^^^^^^^^^^^^^^^^^^^^^^^^^^^^^^^
  File "C:\Users\rifqy\AppData\Local\Programs\Python\Python311\Lib\site-packages\pycaret\internal\metrics.py", line 144, in __call__
    return self.score_func(y_true, y_pred, **kwargs)
           ^^^^^^^^^^^^^^^^^^^^^^^^^^^^^^^^^^^^^^^^^
  File "C:\Users\rifqy\AppData\Local\Programs\Python\Python311\Lib\site-packages\sklearn\utils\_param_validation.py", line 213, in wrapper
    return func(*args, **kwargs)
           ^^^^^^^^^^^^^^^^^^^^^
  File "C:\Users\rifqy\AppData\Local\Programs\Python\Python311\Lib\site-packages\sklearn\metrics\_ranking.py", line 634, in roc_auc_score
    return _multiclass_roc_auc_score(
           ^^^^^^^^^^^^^^^^^^^^^^^^^^
  File "C:\Users\rifqy\AppData\Local\Programs\Python\Python311\Lib\site-packages\sklearn\metrics\_ranking.py", line 707, in _multiclass_roc_auc_score
    raise ValueError(
ValueError: Target scores need to be probabilities for multiclass roc_auc, i.e. they should sum up to 1.0 over classes

  warnings.warn(

2026-09-16 22:59:27,819:WARNING:C:\Users\rifqy\AppData\Local\Programs\Python\Python311\Lib\site-packages\pycaret\internal\metrics.py:204: FitFailedWarning: Metric 'make_scorer(roc_auc_score, response_method=('decision_function', 'predict_proba'), average=weighted, multi_class=ovr)' failed and error score 0.0 has been returned instead. If this is a custom metric, this usually means that the error is in the metric code. Full exception below:
Traceback (most recent call last):
  File "C:\Users\rifqy\AppData\Local\Programs\Python\Python311\Lib\site-packages\pycaret\internal\metrics.py", line 196, in _score
    return super()._score(
           ^^^^^^^^^^^^^^^
  File "C:\Users\rifqy\AppData\Local\Programs\Python\Python311\Lib\site-packages\sklearn\metrics\_scorer.py", line 350, in _score
    return self._sign * self._score_func(y_true, y_pred, **scoring_kwargs)
                        ^^^^^^^^^^^^^^^^^^^^^^^^^^^^^^^^^^^^^^^^^^^^^^^^^^
  File "C:\Users\rifqy\AppData\Local\Programs\Python\Python311\Lib\site-packages\pycaret\internal\metrics.py", line 144, in __call__
    return self.score_func(y_true, y_pred, **kwargs)
           ^^^^^^^^^^^^^^^^^^^^^^^^^^^^^^^^^^^^^^^^^
  File "C:\Users\rifqy\AppData\Local\Programs\Python\Python311\Lib\site-packages\sklearn\utils\_param_validation.py", line 213, in wrapper
    return func(*args, **kwargs)
           ^^^^^^^^^^^^^^^^^^^^^
  File "C:\Users\rifqy\AppData\Local\Programs\Python\Python311\Lib\site-packages\sklearn\metrics\_ranking.py", line 634, in roc_auc_score
    return _multiclass_roc_auc_score(
           ^^^^^^^^^^^^^^^^^^^^^^^^^^
  File "C:\Users\rifqy\AppData\Local\Programs\Python\Python311\Lib\site-packages\sklearn\metrics\_ranking.py", line 707, in _multiclass_roc_auc_score
    raise ValueError(
ValueError: Target scores need to be probabilities for multiclass roc_auc, i.e. they should sum up to 1.0 over classes

  warnings.warn(

2026-09-16 22:59:27,819:WARNING:C:\Users\rifqy\AppData\Local\Programs\Python\Python311\Lib\site-packages\pycaret\internal\metrics.py:204: FitFailedWarning: Metric 'make_scorer(roc_auc_score, response_method=('decision_function', 'predict_proba'), average=weighted, multi_class=ovr)' failed and error score 0.0 has been returned instead. If this is a custom metric, this usually means that the error is in the metric code. Full exception below:
Traceback (most recent call last):
  File "C:\Users\rifqy\AppData\Local\Programs\Python\Python311\Lib\site-packages\pycaret\internal\metrics.py", line 196, in _score
    return super()._score(
           ^^^^^^^^^^^^^^^
  File "C:\Users\rifqy\AppData\Local\Programs\Python\Python311\Lib\site-packages\sklearn\metrics\_scorer.py", line 350, in _score
    return self._sign * self._score_func(y_true, y_pred, **scoring_kwargs)
                        ^^^^^^^^^^^^^^^^^^^^^^^^^^^^^^^^^^^^^^^^^^^^^^^^^^
  File "C:\Users\rifqy\AppData\Local\Programs\Python\Python311\Lib\site-packages\pycaret\internal\metrics.py", line 144, in __call__
    return self.score_func(y_true, y_pred, **kwargs)
           ^^^^^^^^^^^^^^^^^^^^^^^^^^^^^^^^^^^^^^^^^
  File "C:\Users\rifqy\AppData\Local\Programs\Python\Python311\Lib\site-packages\sklearn\utils\_param_validation.py", line 213, in wrapper
    return func(*args, **kwargs)
           ^^^^^^^^^^^^^^^^^^^^^
  File "C:\Users\rifqy\AppData\Local\Programs\Python\Python311\Lib\site-packages\sklearn\metrics\_ranking.py", line 634, in roc_auc_score
    return _multiclass_roc_auc_score(
           ^^^^^^^^^^^^^^^^^^^^^^^^^^
  File "C:\Users\rifqy\AppData\Local\Programs\Python\Python311\Lib\site-packages\sklearn\metrics\_ranking.py", line 707, in _multiclass_roc_auc_score
    raise ValueError(
ValueError: Target scores need to be probabilities for multiclass roc_auc, i.e. they should sum up to 1.0 over classes

  warnings.warn(

2026-09-16 22:59:27,822:WARNING:C:\Users\rifqy\AppData\Local\Programs\Python\Python311\Lib\site-packages\pycaret\internal\metrics.py:204: FitFailedWarning: Metric 'make_scorer(roc_auc_score, response_method=('decision_function', 'predict_proba'), average=weighted, multi_class=ovr)' failed and error score 0.0 has been returned instead. If this is a custom metric, this usually means that the error is in the metric code. Full exception below:
Traceback (most recent call last):
  File "C:\Users\rifqy\AppData\Local\Programs\Python\Python311\Lib\site-packages\pycaret\internal\metrics.py", line 196, in _score
    return super()._score(
           ^^^^^^^^^^^^^^^
  File "C:\Users\rifqy\AppData\Local\Programs\Python\Python311\Lib\site-packages\sklearn\metrics\_scorer.py", line 350, in _score
    return self._sign * self._score_func(y_true, y_pred, **scoring_kwargs)
                        ^^^^^^^^^^^^^^^^^^^^^^^^^^^^^^^^^^^^^^^^^^^^^^^^^^
  File "C:\Users\rifqy\AppData\Local\Programs\Python\Python311\Lib\site-packages\pycaret\internal\metrics.py", line 144, in __call__
    return self.score_func(y_true, y_pred, **kwargs)
           ^^^^^^^^^^^^^^^^^^^^^^^^^^^^^^^^^^^^^^^^^
  File "C:\Users\rifqy\AppData\Local\Programs\Python\Python311\Lib\site-packages\sklearn\utils\_param_validation.py", line 213, in wrapper
    return func(*args, **kwargs)
           ^^^^^^^^^^^^^^^^^^^^^
  File "C:\Users\rifqy\AppData\Local\Programs\Python\Python311\Lib\site-packages\sklearn\metrics\_ranking.py", line 634, in roc_auc_score
    return _multiclass_roc_auc_score(
           ^^^^^^^^^^^^^^^^^^^^^^^^^^
  File "C:\Users\rifqy\AppData\Local\Programs\Python\Python311\Lib\site-packages\sklearn\metrics\_ranking.py", line 707, in _multiclass_roc_auc_score
    raise ValueError(
ValueError: Target scores need to be probabilities for multiclass roc_auc, i.e. they should sum up to 1.0 over classes

  warnings.warn(

2026-09-16 22:59:27,822:WARNING:C:\Users\rifqy\AppData\Local\Programs\Python\Python311\Lib\site-packages\pycaret\internal\metrics.py:204: FitFailedWarning: Metric 'make_scorer(roc_auc_score, response_method=('decision_function', 'predict_proba'), average=weighted, multi_class=ovr)' failed and error score 0.0 has been returned instead. If this is a custom metric, this usually means that the error is in the metric code. Full exception below:
Traceback (most recent call last):
  File "C:\Users\rifqy\AppData\Local\Programs\Python\Python311\Lib\site-packages\pycaret\internal\metrics.py", line 196, in _score
    return super()._score(
           ^^^^^^^^^^^^^^^
  File "C:\Users\rifqy\AppData\Local\Programs\Python\Python311\Lib\site-packages\sklearn\metrics\_scorer.py", line 350, in _score
    return self._sign * self._score_func(y_true, y_pred, **scoring_kwargs)
                        ^^^^^^^^^^^^^^^^^^^^^^^^^^^^^^^^^^^^^^^^^^^^^^^^^^
  File "C:\Users\rifqy\AppData\Local\Programs\Python\Python311\Lib\site-packages\pycaret\internal\metrics.py", line 144, in __call__
    return self.score_func(y_true, y_pred, **kwargs)
           ^^^^^^^^^^^^^^^^^^^^^^^^^^^^^^^^^^^^^^^^^
  File "C:\Users\rifqy\AppData\Local\Programs\Python\Python311\Lib\site-packages\sklearn\utils\_param_validation.py", line 213, in wrapper
    return func(*args, **kwargs)
           ^^^^^^^^^^^^^^^^^^^^^
  File "C:\Users\rifqy\AppData\Local\Programs\Python\Python311\Lib\site-packages\sklearn\metrics\_ranking.py", line 634, in roc_auc_score
    return _multiclass_roc_auc_score(
           ^^^^^^^^^^^^^^^^^^^^^^^^^^
  File "C:\Users\rifqy\AppData\Local\Programs\Python\Python311\Lib\site-packages\sklearn\metrics\_ranking.py", line 707, in _multiclass_roc_auc_score
    raise ValueError(
ValueError: Target scores need to be probabilities for multiclass roc_auc, i.e. they should sum up to 1.0 over classes

  warnings.warn(

2026-09-16 22:59:27,823:WARNING:C:\Users\rifqy\AppData\Local\Programs\Python\Python311\Lib\site-packages\pycaret\internal\metrics.py:204: FitFailedWarning: Metric 'make_scorer(roc_auc_score, response_method=('decision_function', 'predict_proba'), average=weighted, multi_class=ovr)' failed and error score 0.0 has been returned instead. If this is a custom metric, this usually means that the error is in the metric code. Full exception below:
Traceback (most recent call last):
  File "C:\Users\rifqy\AppData\Local\Programs\Python\Python311\Lib\site-packages\pycaret\internal\metrics.py", line 196, in _score
    return super()._score(
           ^^^^^^^^^^^^^^^
  File "C:\Users\rifqy\AppData\Local\Programs\Python\Python311\Lib\site-packages\sklearn\metrics\_scorer.py", line 350, in _score
    return self._sign * self._score_func(y_true, y_pred, **scoring_kwargs)
                        ^^^^^^^^^^^^^^^^^^^^^^^^^^^^^^^^^^^^^^^^^^^^^^^^^^
  File "C:\Users\rifqy\AppData\Local\Programs\Python\Python311\Lib\site-packages\pycaret\internal\metrics.py", line 144, in __call__
    return self.score_func(y_true, y_pred, **kwargs)
           ^^^^^^^^^^^^^^^^^^^^^^^^^^^^^^^^^^^^^^^^^
  File "C:\Users\rifqy\AppData\Local\Programs\Python\Python311\Lib\site-packages\sklearn\utils\_param_validation.py", line 213, in wrapper
    return func(*args, **kwargs)
           ^^^^^^^^^^^^^^^^^^^^^
  File "C:\Users\rifqy\AppData\Local\Programs\Python\Python311\Lib\site-packages\sklearn\metrics\_ranking.py", line 634, in roc_auc_score
    return _multiclass_roc_auc_score(
           ^^^^^^^^^^^^^^^^^^^^^^^^^^
  File "C:\Users\rifqy\AppData\Local\Programs\Python\Python311\Lib\site-packages\sklearn\metrics\_ranking.py", line 707, in _multiclass_roc_auc_score
    raise ValueError(
ValueError: Target scores need to be probabilities for multiclass roc_auc, i.e. they should sum up to 1.0 over classes

  warnings.warn(

2026-09-16 22:59:27,840:INFO:Calculating mean and std
2026-09-16 22:59:27,841:INFO:Creating metrics dataframe
2026-09-16 22:59:27,843:INFO:Uploading results into container
2026-09-16 22:59:27,843:INFO:Uploading model into container now
2026-09-16 22:59:27,844:INFO:_master_model_container: 6
2026-09-16 22:59:27,844:INFO:_display_container: 2
2026-09-16 22:59:27,844:INFO:RidgeClassifier(alpha=1.0, class_weight=None, copy_X=True, fit_intercept=True,
                max_iter=None, positive=False, random_state=123, solver='auto',
                tol=0.0001)
2026-09-16 22:59:27,844:INFO:create_model() successfully completed......................................
2026-09-16 22:59:27,917:INFO:SubProcess create_model() end ==================================
2026-09-16 22:59:27,918:INFO:Creating metrics dataframe
2026-09-16 22:59:27,922:INFO:Initializing Random Forest Classifier
2026-09-16 22:59:27,922:INFO:Total runtime is 0.20692323446273803 minutes
2026-09-16 22:59:27,923:INFO:SubProcess create_model() called ==================================
2026-09-16 22:59:27,923:INFO:Initializing create_model()
2026-09-16 22:59:27,923:INFO:create_model(self=<pycaret.classification.oop.ClassificationExperiment object at 0x000002EB3066AC10>, estimator=rf, fold=StratifiedKFold(n_splits=10, random_state=None, shuffle=False), round=4, cross_validation=True, predict=True, fit_kwargs={}, groups=None, refit=False, probability_threshold=None, experiment_custom_tags=None, verbose=False, system=False, add_to_model_list=True, metrics=None, display=<pycaret.internal.display.display.CommonDisplay object at 0x000002EB304B93D0>, model_only=True, return_train_score=False, error_score=0.0, kwargs={})
2026-09-16 22:59:27,923:INFO:Checking exceptions
2026-09-16 22:59:27,924:INFO:Importing libraries
2026-09-16 22:59:27,924:INFO:Copying training dataset
2026-09-16 22:59:27,929:INFO:Defining folds
2026-09-16 22:59:27,929:INFO:Declaring metric variables
2026-09-16 22:59:27,929:INFO:Importing untrained model
2026-09-16 22:59:27,930:INFO:Random Forest Classifier Imported successfully
2026-09-16 22:59:27,931:INFO:Starting cross validation
2026-09-16 22:59:27,932:INFO:Cross validating with StratifiedKFold(n_splits=10, random_state=None, shuffle=False), n_jobs=-1
2026-09-16 22:59:28,424:INFO:Calculating mean and std
2026-09-16 22:59:28,426:INFO:Creating metrics dataframe
2026-09-16 22:59:28,432:INFO:Uploading results into container
2026-09-16 22:59:28,433:INFO:Uploading model into container now
2026-09-16 22:59:28,434:INFO:_master_model_container: 7
2026-09-16 22:59:28,434:INFO:_display_container: 2
2026-09-16 22:59:28,435:INFO:RandomForestClassifier(bootstrap=True, ccp_alpha=0.0, class_weight=None,
                       criterion='gini', max_depth=None, max_features='sqrt',
                       max_leaf_nodes=None, max_samples=None,
                       min_impurity_decrease=0.0, min_samples_leaf=1,
                       min_samples_split=2, min_weight_fraction_leaf=0.0,
                       monotonic_cst=None, n_estimators=100, n_jobs=-1,
                       oob_score=False, random_state=123, verbose=0,
                       warm_start=False)
2026-09-16 22:59:28,436:INFO:create_model() successfully completed......................................
2026-09-16 22:59:28,530:INFO:SubProcess create_model() end ==================================
2026-09-16 22:59:28,531:INFO:Creating metrics dataframe
2026-09-16 22:59:28,535:INFO:Initializing Quadratic Discriminant Analysis
2026-09-16 22:59:28,535:INFO:Total runtime is 0.21714491446812947 minutes
2026-09-16 22:59:28,535:INFO:SubProcess create_model() called ==================================
2026-09-16 22:59:28,536:INFO:Initializing create_model()
2026-09-16 22:59:28,536:INFO:create_model(self=<pycaret.classification.oop.ClassificationExperiment object at 0x000002EB3066AC10>, estimator=qda, fold=StratifiedKFold(n_splits=10, random_state=None, shuffle=False), round=4, cross_validation=True, predict=True, fit_kwargs={}, groups=None, refit=False, probability_threshold=None, experiment_custom_tags=None, verbose=False, system=False, add_to_model_list=True, metrics=None, display=<pycaret.internal.display.display.CommonDisplay object at 0x000002EB304B93D0>, model_only=True, return_train_score=False, error_score=0.0, kwargs={})
2026-09-16 22:59:28,536:INFO:Checking exceptions
2026-09-16 22:59:28,536:INFO:Importing libraries
2026-09-16 22:59:28,536:INFO:Copying training dataset
2026-09-16 22:59:28,541:INFO:Defining folds
2026-09-16 22:59:28,541:INFO:Declaring metric variables
2026-09-16 22:59:28,541:INFO:Importing untrained model
2026-09-16 22:59:28,542:INFO:Quadratic Discriminant Analysis Imported successfully
2026-09-16 22:59:28,542:INFO:Starting cross validation
2026-09-16 22:59:28,543:INFO:Cross validating with StratifiedKFold(n_splits=10, random_state=None, shuffle=False), n_jobs=-1
2026-09-16 22:59:28,590:WARNING:C:\Users\rifqy\AppData\Local\Programs\Python\Python311\Lib\site-packages\pycaret\internal\metrics.py:204: FitFailedWarning: Metric 'make_scorer(roc_auc_score, response_method=('decision_function', 'predict_proba'), average=weighted, multi_class=ovr)' failed and error score 0.0 has been returned instead. If this is a custom metric, this usually means that the error is in the metric code. Full exception below:
Traceback (most recent call last):
  File "C:\Users\rifqy\AppData\Local\Programs\Python\Python311\Lib\site-packages\pycaret\internal\metrics.py", line 196, in _score
    return super()._score(
           ^^^^^^^^^^^^^^^
  File "C:\Users\rifqy\AppData\Local\Programs\Python\Python311\Lib\site-packages\sklearn\metrics\_scorer.py", line 350, in _score
    return self._sign * self._score_func(y_true, y_pred, **scoring_kwargs)
                        ^^^^^^^^^^^^^^^^^^^^^^^^^^^^^^^^^^^^^^^^^^^^^^^^^^
  File "C:\Users\rifqy\AppData\Local\Programs\Python\Python311\Lib\site-packages\pycaret\internal\metrics.py", line 144, in __call__
    return self.score_func(y_true, y_pred, **kwargs)
           ^^^^^^^^^^^^^^^^^^^^^^^^^^^^^^^^^^^^^^^^^
  File "C:\Users\rifqy\AppData\Local\Programs\Python\Python311\Lib\site-packages\sklearn\utils\_param_validation.py", line 213, in wrapper
    return func(*args, **kwargs)
           ^^^^^^^^^^^^^^^^^^^^^
  File "C:\Users\rifqy\AppData\Local\Programs\Python\Python311\Lib\site-packages\sklearn\metrics\_ranking.py", line 634, in roc_auc_score
    return _multiclass_roc_auc_score(
           ^^^^^^^^^^^^^^^^^^^^^^^^^^
  File "C:\Users\rifqy\AppData\Local\Programs\Python\Python311\Lib\site-packages\sklearn\metrics\_ranking.py", line 707, in _multiclass_roc_auc_score
    raise ValueError(
ValueError: Target scores need to be probabilities for multiclass roc_auc, i.e. they should sum up to 1.0 over classes

  warnings.warn(

2026-09-16 22:59:28,592:WARNING:C:\Users\rifqy\AppData\Local\Programs\Python\Python311\Lib\site-packages\pycaret\internal\metrics.py:204: FitFailedWarning: Metric 'make_scorer(roc_auc_score, response_method=('decision_function', 'predict_proba'), average=weighted, multi_class=ovr)' failed and error score 0.0 has been returned instead. If this is a custom metric, this usually means that the error is in the metric code. Full exception below:
Traceback (most recent call last):
  File "C:\Users\rifqy\AppData\Local\Programs\Python\Python311\Lib\site-packages\pycaret\internal\metrics.py", line 196, in _score
    return super()._score(
           ^^^^^^^^^^^^^^^
  File "C:\Users\rifqy\AppData\Local\Programs\Python\Python311\Lib\site-packages\sklearn\metrics\_scorer.py", line 350, in _score
    return self._sign * self._score_func(y_true, y_pred, **scoring_kwargs)
                        ^^^^^^^^^^^^^^^^^^^^^^^^^^^^^^^^^^^^^^^^^^^^^^^^^^
  File "C:\Users\rifqy\AppData\Local\Programs\Python\Python311\Lib\site-packages\pycaret\internal\metrics.py", line 144, in __call__
    return self.score_func(y_true, y_pred, **kwargs)
           ^^^^^^^^^^^^^^^^^^^^^^^^^^^^^^^^^^^^^^^^^
  File "C:\Users\rifqy\AppData\Local\Programs\Python\Python311\Lib\site-packages\sklearn\utils\_param_validation.py", line 213, in wrapper
    return func(*args, **kwargs)
           ^^^^^^^^^^^^^^^^^^^^^
  File "C:\Users\rifqy\AppData\Local\Programs\Python\Python311\Lib\site-packages\sklearn\metrics\_ranking.py", line 634, in roc_auc_score
    return _multiclass_roc_auc_score(
           ^^^^^^^^^^^^^^^^^^^^^^^^^^
  File "C:\Users\rifqy\AppData\Local\Programs\Python\Python311\Lib\site-packages\sklearn\metrics\_ranking.py", line 707, in _multiclass_roc_auc_score
    raise ValueError(
ValueError: Target scores need to be probabilities for multiclass roc_auc, i.e. they should sum up to 1.0 over classes

  warnings.warn(

2026-09-16 22:59:28,593:WARNING:C:\Users\rifqy\AppData\Local\Programs\Python\Python311\Lib\site-packages\pycaret\internal\metrics.py:204: FitFailedWarning: Metric 'make_scorer(roc_auc_score, response_method=('decision_function', 'predict_proba'), average=weighted, multi_class=ovr)' failed and error score 0.0 has been returned instead. If this is a custom metric, this usually means that the error is in the metric code. Full exception below:
Traceback (most recent call last):
  File "C:\Users\rifqy\AppData\Local\Programs\Python\Python311\Lib\site-packages\pycaret\internal\metrics.py", line 196, in _score
    return super()._score(
           ^^^^^^^^^^^^^^^
  File "C:\Users\rifqy\AppData\Local\Programs\Python\Python311\Lib\site-packages\sklearn\metrics\_scorer.py", line 350, in _score
    return self._sign * self._score_func(y_true, y_pred, **scoring_kwargs)
                        ^^^^^^^^^^^^^^^^^^^^^^^^^^^^^^^^^^^^^^^^^^^^^^^^^^
  File "C:\Users\rifqy\AppData\Local\Programs\Python\Python311\Lib\site-packages\pycaret\internal\metrics.py", line 144, in __call__
    return self.score_func(y_true, y_pred, **kwargs)
           ^^^^^^^^^^^^^^^^^^^^^^^^^^^^^^^^^^^^^^^^^
  File "C:\Users\rifqy\AppData\Local\Programs\Python\Python311\Lib\site-packages\sklearn\utils\_param_validation.py", line 213, in wrapper
    return func(*args, **kwargs)
           ^^^^^^^^^^^^^^^^^^^^^
  File "C:\Users\rifqy\AppData\Local\Programs\Python\Python311\Lib\site-packages\sklearn\metrics\_ranking.py", line 634, in roc_auc_score
    return _multiclass_roc_auc_score(
           ^^^^^^^^^^^^^^^^^^^^^^^^^^
  File "C:\Users\rifqy\AppData\Local\Programs\Python\Python311\Lib\site-packages\sklearn\metrics\_ranking.py", line 707, in _multiclass_roc_auc_score
    raise ValueError(
ValueError: Target scores need to be probabilities for multiclass roc_auc, i.e. they should sum up to 1.0 over classes

  warnings.warn(

2026-09-16 22:59:28,593:WARNING:C:\Users\rifqy\AppData\Local\Programs\Python\Python311\Lib\site-packages\pycaret\internal\metrics.py:204: FitFailedWarning: Metric 'make_scorer(roc_auc_score, response_method=('decision_function', 'predict_proba'), average=weighted, multi_class=ovr)' failed and error score 0.0 has been returned instead. If this is a custom metric, this usually means that the error is in the metric code. Full exception below:
Traceback (most recent call last):
  File "C:\Users\rifqy\AppData\Local\Programs\Python\Python311\Lib\site-packages\pycaret\internal\metrics.py", line 196, in _score
    return super()._score(
           ^^^^^^^^^^^^^^^
  File "C:\Users\rifqy\AppData\Local\Programs\Python\Python311\Lib\site-packages\sklearn\metrics\_scorer.py", line 350, in _score
    return self._sign * self._score_func(y_true, y_pred, **scoring_kwargs)
                        ^^^^^^^^^^^^^^^^^^^^^^^^^^^^^^^^^^^^^^^^^^^^^^^^^^
  File "C:\Users\rifqy\AppData\Local\Programs\Python\Python311\Lib\site-packages\pycaret\internal\metrics.py", line 144, in __call__
    return self.score_func(y_true, y_pred, **kwargs)
           ^^^^^^^^^^^^^^^^^^^^^^^^^^^^^^^^^^^^^^^^^
  File "C:\Users\rifqy\AppData\Local\Programs\Python\Python311\Lib\site-packages\sklearn\utils\_param_validation.py", line 213, in wrapper
    return func(*args, **kwargs)
           ^^^^^^^^^^^^^^^^^^^^^
  File "C:\Users\rifqy\AppData\Local\Programs\Python\Python311\Lib\site-packages\sklearn\metrics\_ranking.py", line 634, in roc_auc_score
    return _multiclass_roc_auc_score(
           ^^^^^^^^^^^^^^^^^^^^^^^^^^
  File "C:\Users\rifqy\AppData\Local\Programs\Python\Python311\Lib\site-packages\sklearn\metrics\_ranking.py", line 707, in _multiclass_roc_auc_score
    raise ValueError(
ValueError: Target scores need to be probabilities for multiclass roc_auc, i.e. they should sum up to 1.0 over classes

  warnings.warn(

2026-09-16 22:59:28,597:WARNING:C:\Users\rifqy\AppData\Local\Programs\Python\Python311\Lib\site-packages\pycaret\internal\metrics.py:204: FitFailedWarning: Metric 'make_scorer(roc_auc_score, response_method=('decision_function', 'predict_proba'), average=weighted, multi_class=ovr)' failed and error score 0.0 has been returned instead. If this is a custom metric, this usually means that the error is in the metric code. Full exception below:
Traceback (most recent call last):
  File "C:\Users\rifqy\AppData\Local\Programs\Python\Python311\Lib\site-packages\pycaret\internal\metrics.py", line 196, in _score
    return super()._score(
           ^^^^^^^^^^^^^^^
  File "C:\Users\rifqy\AppData\Local\Programs\Python\Python311\Lib\site-packages\sklearn\metrics\_scorer.py", line 350, in _score
    return self._sign * self._score_func(y_true, y_pred, **scoring_kwargs)
                        ^^^^^^^^^^^^^^^^^^^^^^^^^^^^^^^^^^^^^^^^^^^^^^^^^^
  File "C:\Users\rifqy\AppData\Local\Programs\Python\Python311\Lib\site-packages\pycaret\internal\metrics.py", line 144, in __call__
    return self.score_func(y_true, y_pred, **kwargs)
           ^^^^^^^^^^^^^^^^^^^^^^^^^^^^^^^^^^^^^^^^^
  File "C:\Users\rifqy\AppData\Local\Programs\Python\Python311\Lib\site-packages\sklearn\utils\_param_validation.py", line 213, in wrapper
    return func(*args, **kwargs)
           ^^^^^^^^^^^^^^^^^^^^^
  File "C:\Users\rifqy\AppData\Local\Programs\Python\Python311\Lib\site-packages\sklearn\metrics\_ranking.py", line 634, in roc_auc_score
    return _multiclass_roc_auc_score(
           ^^^^^^^^^^^^^^^^^^^^^^^^^^
  File "C:\Users\rifqy\AppData\Local\Programs\Python\Python311\Lib\site-packages\sklearn\metrics\_ranking.py", line 707, in _multiclass_roc_auc_score
    raise ValueError(
ValueError: Target scores need to be probabilities for multiclass roc_auc, i.e. they should sum up to 1.0 over classes

  warnings.warn(

2026-09-16 22:59:28,597:WARNING:C:\Users\rifqy\AppData\Local\Programs\Python\Python311\Lib\site-packages\pycaret\internal\metrics.py:204: FitFailedWarning: Metric 'make_scorer(roc_auc_score, response_method=('decision_function', 'predict_proba'), average=weighted, multi_class=ovr)' failed and error score 0.0 has been returned instead. If this is a custom metric, this usually means that the error is in the metric code. Full exception below:
Traceback (most recent call last):
  File "C:\Users\rifqy\AppData\Local\Programs\Python\Python311\Lib\site-packages\pycaret\internal\metrics.py", line 196, in _score
    return super()._score(
           ^^^^^^^^^^^^^^^
  File "C:\Users\rifqy\AppData\Local\Programs\Python\Python311\Lib\site-packages\sklearn\metrics\_scorer.py", line 350, in _score
    return self._sign * self._score_func(y_true, y_pred, **scoring_kwargs)
                        ^^^^^^^^^^^^^^^^^^^^^^^^^^^^^^^^^^^^^^^^^^^^^^^^^^
  File "C:\Users\rifqy\AppData\Local\Programs\Python\Python311\Lib\site-packages\pycaret\internal\metrics.py", line 144, in __call__
    return self.score_func(y_true, y_pred, **kwargs)
           ^^^^^^^^^^^^^^^^^^^^^^^^^^^^^^^^^^^^^^^^^
  File "C:\Users\rifqy\AppData\Local\Programs\Python\Python311\Lib\site-packages\sklearn\utils\_param_validation.py", line 213, in wrapper
    return func(*args, **kwargs)
           ^^^^^^^^^^^^^^^^^^^^^
  File "C:\Users\rifqy\AppData\Local\Programs\Python\Python311\Lib\site-packages\sklearn\metrics\_ranking.py", line 634, in roc_auc_score
    return _multiclass_roc_auc_score(
           ^^^^^^^^^^^^^^^^^^^^^^^^^^
  File "C:\Users\rifqy\AppData\Local\Programs\Python\Python311\Lib\site-packages\sklearn\metrics\_ranking.py", line 707, in _multiclass_roc_auc_score
    raise ValueError(
ValueError: Target scores need to be probabilities for multiclass roc_auc, i.e. they should sum up to 1.0 over classes

  warnings.warn(

2026-09-16 22:59:28,603:WARNING:C:\Users\rifqy\AppData\Local\Programs\Python\Python311\Lib\site-packages\pycaret\internal\metrics.py:204: FitFailedWarning: Metric 'make_scorer(roc_auc_score, response_method=('decision_function', 'predict_proba'), average=weighted, multi_class=ovr)' failed and error score 0.0 has been returned instead. If this is a custom metric, this usually means that the error is in the metric code. Full exception below:
Traceback (most recent call last):
  File "C:\Users\rifqy\AppData\Local\Programs\Python\Python311\Lib\site-packages\pycaret\internal\metrics.py", line 196, in _score
    return super()._score(
           ^^^^^^^^^^^^^^^
  File "C:\Users\rifqy\AppData\Local\Programs\Python\Python311\Lib\site-packages\sklearn\metrics\_scorer.py", line 350, in _score
    return self._sign * self._score_func(y_true, y_pred, **scoring_kwargs)
                        ^^^^^^^^^^^^^^^^^^^^^^^^^^^^^^^^^^^^^^^^^^^^^^^^^^
  File "C:\Users\rifqy\AppData\Local\Programs\Python\Python311\Lib\site-packages\pycaret\internal\metrics.py", line 144, in __call__
    return self.score_func(y_true, y_pred, **kwargs)
           ^^^^^^^^^^^^^^^^^^^^^^^^^^^^^^^^^^^^^^^^^
  File "C:\Users\rifqy\AppData\Local\Programs\Python\Python311\Lib\site-packages\sklearn\utils\_param_validation.py", line 213, in wrapper
    return func(*args, **kwargs)
           ^^^^^^^^^^^^^^^^^^^^^
  File "C:\Users\rifqy\AppData\Local\Programs\Python\Python311\Lib\site-packages\sklearn\metrics\_ranking.py", line 634, in roc_auc_score
    return _multiclass_roc_auc_score(
           ^^^^^^^^^^^^^^^^^^^^^^^^^^
  File "C:\Users\rifqy\AppData\Local\Programs\Python\Python311\Lib\site-packages\sklearn\metrics\_ranking.py", line 707, in _multiclass_roc_auc_score
    raise ValueError(
ValueError: Target scores need to be probabilities for multiclass roc_auc, i.e. they should sum up to 1.0 over classes

  warnings.warn(

2026-09-16 22:59:28,605:WARNING:C:\Users\rifqy\AppData\Local\Programs\Python\Python311\Lib\site-packages\pycaret\internal\metrics.py:204: FitFailedWarning: Metric 'make_scorer(roc_auc_score, response_method=('decision_function', 'predict_proba'), average=weighted, multi_class=ovr)' failed and error score 0.0 has been returned instead. If this is a custom metric, this usually means that the error is in the metric code. Full exception below:
Traceback (most recent call last):
  File "C:\Users\rifqy\AppData\Local\Programs\Python\Python311\Lib\site-packages\pycaret\internal\metrics.py", line 196, in _score
    return super()._score(
           ^^^^^^^^^^^^^^^
  File "C:\Users\rifqy\AppData\Local\Programs\Python\Python311\Lib\site-packages\sklearn\metrics\_scorer.py", line 350, in _score
    return self._sign * self._score_func(y_true, y_pred, **scoring_kwargs)
                        ^^^^^^^^^^^^^^^^^^^^^^^^^^^^^^^^^^^^^^^^^^^^^^^^^^
  File "C:\Users\rifqy\AppData\Local\Programs\Python\Python311\Lib\site-packages\pycaret\internal\metrics.py", line 144, in __call__
    return self.score_func(y_true, y_pred, **kwargs)
           ^^^^^^^^^^^^^^^^^^^^^^^^^^^^^^^^^^^^^^^^^
  File "C:\Users\rifqy\AppData\Local\Programs\Python\Python311\Lib\site-packages\sklearn\utils\_param_validation.py", line 213, in wrapper
    return func(*args, **kwargs)
           ^^^^^^^^^^^^^^^^^^^^^
  File "C:\Users\rifqy\AppData\Local\Programs\Python\Python311\Lib\site-packages\sklearn\metrics\_ranking.py", line 634, in roc_auc_score
    return _multiclass_roc_auc_score(
           ^^^^^^^^^^^^^^^^^^^^^^^^^^
  File "C:\Users\rifqy\AppData\Local\Programs\Python\Python311\Lib\site-packages\sklearn\metrics\_ranking.py", line 707, in _multiclass_roc_auc_score
    raise ValueError(
ValueError: Target scores need to be probabilities for multiclass roc_auc, i.e. they should sum up to 1.0 over classes

  warnings.warn(

2026-09-16 22:59:28,608:WARNING:C:\Users\rifqy\AppData\Local\Programs\Python\Python311\Lib\site-packages\pycaret\internal\metrics.py:204: FitFailedWarning: Metric 'make_scorer(roc_auc_score, response_method=('decision_function', 'predict_proba'), average=weighted, multi_class=ovr)' failed and error score 0.0 has been returned instead. If this is a custom metric, this usually means that the error is in the metric code. Full exception below:
Traceback (most recent call last):
  File "C:\Users\rifqy\AppData\Local\Programs\Python\Python311\Lib\site-packages\pycaret\internal\metrics.py", line 196, in _score
    return super()._score(
           ^^^^^^^^^^^^^^^
  File "C:\Users\rifqy\AppData\Local\Programs\Python\Python311\Lib\site-packages\sklearn\metrics\_scorer.py", line 350, in _score
    return self._sign * self._score_func(y_true, y_pred, **scoring_kwargs)
                        ^^^^^^^^^^^^^^^^^^^^^^^^^^^^^^^^^^^^^^^^^^^^^^^^^^
  File "C:\Users\rifqy\AppData\Local\Programs\Python\Python311\Lib\site-packages\pycaret\internal\metrics.py", line 144, in __call__
    return self.score_func(y_true, y_pred, **kwargs)
           ^^^^^^^^^^^^^^^^^^^^^^^^^^^^^^^^^^^^^^^^^
  File "C:\Users\rifqy\AppData\Local\Programs\Python\Python311\Lib\site-packages\sklearn\utils\_param_validation.py", line 213, in wrapper
    return func(*args, **kwargs)
           ^^^^^^^^^^^^^^^^^^^^^
  File "C:\Users\rifqy\AppData\Local\Programs\Python\Python311\Lib\site-packages\sklearn\metrics\_ranking.py", line 634, in roc_auc_score
    return _multiclass_roc_auc_score(
           ^^^^^^^^^^^^^^^^^^^^^^^^^^
  File "C:\Users\rifqy\AppData\Local\Programs\Python\Python311\Lib\site-packages\sklearn\metrics\_ranking.py", line 707, in _multiclass_roc_auc_score
    raise ValueError(
ValueError: Target scores need to be probabilities for multiclass roc_auc, i.e. they should sum up to 1.0 over classes

  warnings.warn(

2026-09-16 22:59:28,609:WARNING:C:\Users\rifqy\AppData\Local\Programs\Python\Python311\Lib\site-packages\pycaret\internal\metrics.py:204: FitFailedWarning: Metric 'make_scorer(roc_auc_score, response_method=('decision_function', 'predict_proba'), average=weighted, multi_class=ovr)' failed and error score 0.0 has been returned instead. If this is a custom metric, this usually means that the error is in the metric code. Full exception below:
Traceback (most recent call last):
  File "C:\Users\rifqy\AppData\Local\Programs\Python\Python311\Lib\site-packages\pycaret\internal\metrics.py", line 196, in _score
    return super()._score(
           ^^^^^^^^^^^^^^^
  File "C:\Users\rifqy\AppData\Local\Programs\Python\Python311\Lib\site-packages\sklearn\metrics\_scorer.py", line 350, in _score
    return self._sign * self._score_func(y_true, y_pred, **scoring_kwargs)
                        ^^^^^^^^^^^^^^^^^^^^^^^^^^^^^^^^^^^^^^^^^^^^^^^^^^
  File "C:\Users\rifqy\AppData\Local\Programs\Python\Python311\Lib\site-packages\pycaret\internal\metrics.py", line 144, in __call__
    return self.score_func(y_true, y_pred, **kwargs)
           ^^^^^^^^^^^^^^^^^^^^^^^^^^^^^^^^^^^^^^^^^
  File "C:\Users\rifqy\AppData\Local\Programs\Python\Python311\Lib\site-packages\sklearn\utils\_param_validation.py", line 213, in wrapper
    return func(*args, **kwargs)
           ^^^^^^^^^^^^^^^^^^^^^
  File "C:\Users\rifqy\AppData\Local\Programs\Python\Python311\Lib\site-packages\sklearn\metrics\_ranking.py", line 634, in roc_auc_score
    return _multiclass_roc_auc_score(
           ^^^^^^^^^^^^^^^^^^^^^^^^^^
  File "C:\Users\rifqy\AppData\Local\Programs\Python\Python311\Lib\site-packages\sklearn\metrics\_ranking.py", line 707, in _multiclass_roc_auc_score
    raise ValueError(
ValueError: Target scores need to be probabilities for multiclass roc_auc, i.e. they should sum up to 1.0 over classes

  warnings.warn(

2026-09-16 22:59:28,630:INFO:Calculating mean and std
2026-09-16 22:59:28,631:INFO:Creating metrics dataframe
2026-09-16 22:59:28,633:INFO:Uploading results into container
2026-09-16 22:59:28,634:INFO:Uploading model into container now
2026-09-16 22:59:28,634:INFO:_master_model_container: 8
2026-09-16 22:59:28,634:INFO:_display_container: 2
2026-09-16 22:59:28,634:INFO:QuadraticDiscriminantAnalysis(priors=None, reg_param=0.0,
                              store_covariance=False, tol=0.0001)
2026-09-16 22:59:28,635:INFO:create_model() successfully completed......................................
2026-09-16 22:59:28,703:INFO:SubProcess create_model() end ==================================
2026-09-16 22:59:28,703:INFO:Creating metrics dataframe
2026-09-16 22:59:28,707:INFO:Initializing Ada Boost Classifier
2026-09-16 22:59:28,707:INFO:Total runtime is 0.2200052817662557 minutes
2026-09-16 22:59:28,708:INFO:SubProcess create_model() called ==================================
2026-09-16 22:59:28,708:INFO:Initializing create_model()
2026-09-16 22:59:28,708:INFO:create_model(self=<pycaret.classification.oop.ClassificationExperiment object at 0x000002EB3066AC10>, estimator=ada, fold=StratifiedKFold(n_splits=10, random_state=None, shuffle=False), round=4, cross_validation=True, predict=True, fit_kwargs={}, groups=None, refit=False, probability_threshold=None, experiment_custom_tags=None, verbose=False, system=False, add_to_model_list=True, metrics=None, display=<pycaret.internal.display.display.CommonDisplay object at 0x000002EB304B93D0>, model_only=True, return_train_score=False, error_score=0.0, kwargs={})
2026-09-16 22:59:28,708:INFO:Checking exceptions
2026-09-16 22:59:28,708:INFO:Importing libraries
2026-09-16 22:59:28,709:INFO:Copying training dataset
2026-09-16 22:59:28,713:INFO:Defining folds
2026-09-16 22:59:28,713:INFO:Declaring metric variables
2026-09-16 22:59:28,713:INFO:Importing untrained model
2026-09-16 22:59:28,714:INFO:Ada Boost Classifier Imported successfully
2026-09-16 22:59:28,714:INFO:Starting cross validation
2026-09-16 22:59:28,715:INFO:Cross validating with StratifiedKFold(n_splits=10, random_state=None, shuffle=False), n_jobs=-1
2026-09-16 22:59:28,745:WARNING:C:\Users\rifqy\AppData\Local\Programs\Python\Python311\Lib\site-packages\sklearn\ensemble\_weight_boosting.py:519: FutureWarning: The SAMME.R algorithm (the default) is deprecated and will be removed in 1.6. Use the SAMME algorithm to circumvent this warning.
  warnings.warn(

2026-09-16 22:59:28,747:WARNING:C:\Users\rifqy\AppData\Local\Programs\Python\Python311\Lib\site-packages\sklearn\ensemble\_weight_boosting.py:519: FutureWarning: The SAMME.R algorithm (the default) is deprecated and will be removed in 1.6. Use the SAMME algorithm to circumvent this warning.
  warnings.warn(

2026-09-16 22:59:28,747:WARNING:C:\Users\rifqy\AppData\Local\Programs\Python\Python311\Lib\site-packages\sklearn\ensemble\_weight_boosting.py:519: FutureWarning: The SAMME.R algorithm (the default) is deprecated and will be removed in 1.6. Use the SAMME algorithm to circumvent this warning.
  warnings.warn(

2026-09-16 22:59:28,747:WARNING:C:\Users\rifqy\AppData\Local\Programs\Python\Python311\Lib\site-packages\sklearn\ensemble\_weight_boosting.py:519: FutureWarning: The SAMME.R algorithm (the default) is deprecated and will be removed in 1.6. Use the SAMME algorithm to circumvent this warning.
  warnings.warn(

2026-09-16 22:59:28,749:WARNING:C:\Users\rifqy\AppData\Local\Programs\Python\Python311\Lib\site-packages\sklearn\ensemble\_weight_boosting.py:519: FutureWarning: The SAMME.R algorithm (the default) is deprecated and will be removed in 1.6. Use the SAMME algorithm to circumvent this warning.
  warnings.warn(

2026-09-16 22:59:28,753:WARNING:C:\Users\rifqy\AppData\Local\Programs\Python\Python311\Lib\site-packages\sklearn\ensemble\_weight_boosting.py:519: FutureWarning: The SAMME.R algorithm (the default) is deprecated and will be removed in 1.6. Use the SAMME algorithm to circumvent this warning.
  warnings.warn(

2026-09-16 22:59:28,755:WARNING:C:\Users\rifqy\AppData\Local\Programs\Python\Python311\Lib\site-packages\sklearn\ensemble\_weight_boosting.py:519: FutureWarning: The SAMME.R algorithm (the default) is deprecated and will be removed in 1.6. Use the SAMME algorithm to circumvent this warning.
  warnings.warn(

2026-09-16 22:59:28,755:WARNING:C:\Users\rifqy\AppData\Local\Programs\Python\Python311\Lib\site-packages\sklearn\ensemble\_weight_boosting.py:519: FutureWarning: The SAMME.R algorithm (the default) is deprecated and will be removed in 1.6. Use the SAMME algorithm to circumvent this warning.
  warnings.warn(

2026-09-16 22:59:28,756:WARNING:C:\Users\rifqy\AppData\Local\Programs\Python\Python311\Lib\site-packages\sklearn\ensemble\_weight_boosting.py:519: FutureWarning: The SAMME.R algorithm (the default) is deprecated and will be removed in 1.6. Use the SAMME algorithm to circumvent this warning.
  warnings.warn(

2026-09-16 22:59:28,760:WARNING:C:\Users\rifqy\AppData\Local\Programs\Python\Python311\Lib\site-packages\sklearn\ensemble\_weight_boosting.py:519: FutureWarning: The SAMME.R algorithm (the default) is deprecated and will be removed in 1.6. Use the SAMME algorithm to circumvent this warning.
  warnings.warn(

2026-09-16 22:59:28,901:WARNING:C:\Users\rifqy\AppData\Local\Programs\Python\Python311\Lib\site-packages\pycaret\internal\metrics.py:204: FitFailedWarning: Metric 'make_scorer(roc_auc_score, response_method=('decision_function', 'predict_proba'), average=weighted, multi_class=ovr)' failed and error score 0.0 has been returned instead. If this is a custom metric, this usually means that the error is in the metric code. Full exception below:
Traceback (most recent call last):
  File "C:\Users\rifqy\AppData\Local\Programs\Python\Python311\Lib\site-packages\pycaret\internal\metrics.py", line 196, in _score
    return super()._score(
           ^^^^^^^^^^^^^^^
  File "C:\Users\rifqy\AppData\Local\Programs\Python\Python311\Lib\site-packages\sklearn\metrics\_scorer.py", line 350, in _score
    return self._sign * self._score_func(y_true, y_pred, **scoring_kwargs)
                        ^^^^^^^^^^^^^^^^^^^^^^^^^^^^^^^^^^^^^^^^^^^^^^^^^^
  File "C:\Users\rifqy\AppData\Local\Programs\Python\Python311\Lib\site-packages\pycaret\internal\metrics.py", line 144, in __call__
    return self.score_func(y_true, y_pred, **kwargs)
           ^^^^^^^^^^^^^^^^^^^^^^^^^^^^^^^^^^^^^^^^^
  File "C:\Users\rifqy\AppData\Local\Programs\Python\Python311\Lib\site-packages\sklearn\utils\_param_validation.py", line 213, in wrapper
    return func(*args, **kwargs)
           ^^^^^^^^^^^^^^^^^^^^^
  File "C:\Users\rifqy\AppData\Local\Programs\Python\Python311\Lib\site-packages\sklearn\metrics\_ranking.py", line 634, in roc_auc_score
    return _multiclass_roc_auc_score(
           ^^^^^^^^^^^^^^^^^^^^^^^^^^
  File "C:\Users\rifqy\AppData\Local\Programs\Python\Python311\Lib\site-packages\sklearn\metrics\_ranking.py", line 707, in _multiclass_roc_auc_score
    raise ValueError(
ValueError: Target scores need to be probabilities for multiclass roc_auc, i.e. they should sum up to 1.0 over classes

  warnings.warn(

2026-09-16 22:59:28,913:WARNING:C:\Users\rifqy\AppData\Local\Programs\Python\Python311\Lib\site-packages\pycaret\internal\metrics.py:204: FitFailedWarning: Metric 'make_scorer(roc_auc_score, response_method=('decision_function', 'predict_proba'), average=weighted, multi_class=ovr)' failed and error score 0.0 has been returned instead. If this is a custom metric, this usually means that the error is in the metric code. Full exception below:
Traceback (most recent call last):
  File "C:\Users\rifqy\AppData\Local\Programs\Python\Python311\Lib\site-packages\pycaret\internal\metrics.py", line 196, in _score
    return super()._score(
           ^^^^^^^^^^^^^^^
  File "C:\Users\rifqy\AppData\Local\Programs\Python\Python311\Lib\site-packages\sklearn\metrics\_scorer.py", line 350, in _score
    return self._sign * self._score_func(y_true, y_pred, **scoring_kwargs)
                        ^^^^^^^^^^^^^^^^^^^^^^^^^^^^^^^^^^^^^^^^^^^^^^^^^^
  File "C:\Users\rifqy\AppData\Local\Programs\Python\Python311\Lib\site-packages\pycaret\internal\metrics.py", line 144, in __call__
    return self.score_func(y_true, y_pred, **kwargs)
           ^^^^^^^^^^^^^^^^^^^^^^^^^^^^^^^^^^^^^^^^^
  File "C:\Users\rifqy\AppData\Local\Programs\Python\Python311\Lib\site-packages\sklearn\utils\_param_validation.py", line 213, in wrapper
    return func(*args, **kwargs)
           ^^^^^^^^^^^^^^^^^^^^^
  File "C:\Users\rifqy\AppData\Local\Programs\Python\Python311\Lib\site-packages\sklearn\metrics\_ranking.py", line 634, in roc_auc_score
    return _multiclass_roc_auc_score(
           ^^^^^^^^^^^^^^^^^^^^^^^^^^
  File "C:\Users\rifqy\AppData\Local\Programs\Python\Python311\Lib\site-packages\sklearn\metrics\_ranking.py", line 707, in _multiclass_roc_auc_score
    raise ValueError(
ValueError: Target scores need to be probabilities for multiclass roc_auc, i.e. they should sum up to 1.0 over classes

  warnings.warn(

2026-09-16 22:59:28,914:WARNING:C:\Users\rifqy\AppData\Local\Programs\Python\Python311\Lib\site-packages\pycaret\internal\metrics.py:204: FitFailedWarning: Metric 'make_scorer(roc_auc_score, response_method=('decision_function', 'predict_proba'), average=weighted, multi_class=ovr)' failed and error score 0.0 has been returned instead. If this is a custom metric, this usually means that the error is in the metric code. Full exception below:
Traceback (most recent call last):
  File "C:\Users\rifqy\AppData\Local\Programs\Python\Python311\Lib\site-packages\pycaret\internal\metrics.py", line 196, in _score
    return super()._score(
           ^^^^^^^^^^^^^^^
  File "C:\Users\rifqy\AppData\Local\Programs\Python\Python311\Lib\site-packages\sklearn\metrics\_scorer.py", line 350, in _score
    return self._sign * self._score_func(y_true, y_pred, **scoring_kwargs)
                        ^^^^^^^^^^^^^^^^^^^^^^^^^^^^^^^^^^^^^^^^^^^^^^^^^^
  File "C:\Users\rifqy\AppData\Local\Programs\Python\Python311\Lib\site-packages\pycaret\internal\metrics.py", line 144, in __call__
    return self.score_func(y_true, y_pred, **kwargs)
           ^^^^^^^^^^^^^^^^^^^^^^^^^^^^^^^^^^^^^^^^^
  File "C:\Users\rifqy\AppData\Local\Programs\Python\Python311\Lib\site-packages\sklearn\utils\_param_validation.py", line 213, in wrapper
    return func(*args, **kwargs)
           ^^^^^^^^^^^^^^^^^^^^^
  File "C:\Users\rifqy\AppData\Local\Programs\Python\Python311\Lib\site-packages\sklearn\metrics\_ranking.py", line 634, in roc_auc_score
    return _multiclass_roc_auc_score(
           ^^^^^^^^^^^^^^^^^^^^^^^^^^
  File "C:\Users\rifqy\AppData\Local\Programs\Python\Python311\Lib\site-packages\sklearn\metrics\_ranking.py", line 707, in _multiclass_roc_auc_score
    raise ValueError(
ValueError: Target scores need to be probabilities for multiclass roc_auc, i.e. they should sum up to 1.0 over classes

  warnings.warn(

2026-09-16 22:59:28,919:WARNING:C:\Users\rifqy\AppData\Local\Programs\Python\Python311\Lib\site-packages\pycaret\internal\metrics.py:204: FitFailedWarning: Metric 'make_scorer(roc_auc_score, response_method=('decision_function', 'predict_proba'), average=weighted, multi_class=ovr)' failed and error score 0.0 has been returned instead. If this is a custom metric, this usually means that the error is in the metric code. Full exception below:
Traceback (most recent call last):
  File "C:\Users\rifqy\AppData\Local\Programs\Python\Python311\Lib\site-packages\pycaret\internal\metrics.py", line 196, in _score
    return super()._score(
           ^^^^^^^^^^^^^^^
  File "C:\Users\rifqy\AppData\Local\Programs\Python\Python311\Lib\site-packages\sklearn\metrics\_scorer.py", line 350, in _score
    return self._sign * self._score_func(y_true, y_pred, **scoring_kwargs)
                        ^^^^^^^^^^^^^^^^^^^^^^^^^^^^^^^^^^^^^^^^^^^^^^^^^^
  File "C:\Users\rifqy\AppData\Local\Programs\Python\Python311\Lib\site-packages\pycaret\internal\metrics.py", line 144, in __call__
    return self.score_func(y_true, y_pred, **kwargs)
           ^^^^^^^^^^^^^^^^^^^^^^^^^^^^^^^^^^^^^^^^^
  File "C:\Users\rifqy\AppData\Local\Programs\Python\Python311\Lib\site-packages\sklearn\utils\_param_validation.py", line 213, in wrapper
    return func(*args, **kwargs)
           ^^^^^^^^^^^^^^^^^^^^^
  File "C:\Users\rifqy\AppData\Local\Programs\Python\Python311\Lib\site-packages\sklearn\metrics\_ranking.py", line 634, in roc_auc_score
    return _multiclass_roc_auc_score(
           ^^^^^^^^^^^^^^^^^^^^^^^^^^
  File "C:\Users\rifqy\AppData\Local\Programs\Python\Python311\Lib\site-packages\sklearn\metrics\_ranking.py", line 707, in _multiclass_roc_auc_score
    raise ValueError(
ValueError: Target scores need to be probabilities for multiclass roc_auc, i.e. they should sum up to 1.0 over classes

  warnings.warn(

2026-09-16 22:59:28,920:WARNING:C:\Users\rifqy\AppData\Local\Programs\Python\Python311\Lib\site-packages\pycaret\internal\metrics.py:204: FitFailedWarning: Metric 'make_scorer(roc_auc_score, response_method=('decision_function', 'predict_proba'), average=weighted, multi_class=ovr)' failed and error score 0.0 has been returned instead. If this is a custom metric, this usually means that the error is in the metric code. Full exception below:
Traceback (most recent call last):
  File "C:\Users\rifqy\AppData\Local\Programs\Python\Python311\Lib\site-packages\pycaret\internal\metrics.py", line 196, in _score
    return super()._score(
           ^^^^^^^^^^^^^^^
  File "C:\Users\rifqy\AppData\Local\Programs\Python\Python311\Lib\site-packages\sklearn\metrics\_scorer.py", line 350, in _score
    return self._sign * self._score_func(y_true, y_pred, **scoring_kwargs)
                        ^^^^^^^^^^^^^^^^^^^^^^^^^^^^^^^^^^^^^^^^^^^^^^^^^^
  File "C:\Users\rifqy\AppData\Local\Programs\Python\Python311\Lib\site-packages\pycaret\internal\metrics.py", line 144, in __call__
    return self.score_func(y_true, y_pred, **kwargs)
           ^^^^^^^^^^^^^^^^^^^^^^^^^^^^^^^^^^^^^^^^^
  File "C:\Users\rifqy\AppData\Local\Programs\Python\Python311\Lib\site-packages\sklearn\utils\_param_validation.py", line 213, in wrapper
    return func(*args, **kwargs)
           ^^^^^^^^^^^^^^^^^^^^^
  File "C:\Users\rifqy\AppData\Local\Programs\Python\Python311\Lib\site-packages\sklearn\metrics\_ranking.py", line 634, in roc_auc_score
    return _multiclass_roc_auc_score(
           ^^^^^^^^^^^^^^^^^^^^^^^^^^
  File "C:\Users\rifqy\AppData\Local\Programs\Python\Python311\Lib\site-packages\sklearn\metrics\_ranking.py", line 707, in _multiclass_roc_auc_score
    raise ValueError(
ValueError: Target scores need to be probabilities for multiclass roc_auc, i.e. they should sum up to 1.0 over classes

  warnings.warn(

2026-09-16 22:59:28,925:WARNING:C:\Users\rifqy\AppData\Local\Programs\Python\Python311\Lib\site-packages\pycaret\internal\metrics.py:204: FitFailedWarning: Metric 'make_scorer(roc_auc_score, response_method=('decision_function', 'predict_proba'), average=weighted, multi_class=ovr)' failed and error score 0.0 has been returned instead. If this is a custom metric, this usually means that the error is in the metric code. Full exception below:
Traceback (most recent call last):
  File "C:\Users\rifqy\AppData\Local\Programs\Python\Python311\Lib\site-packages\pycaret\internal\metrics.py", line 196, in _score
    return super()._score(
           ^^^^^^^^^^^^^^^
  File "C:\Users\rifqy\AppData\Local\Programs\Python\Python311\Lib\site-packages\sklearn\metrics\_scorer.py", line 350, in _score
    return self._sign * self._score_func(y_true, y_pred, **scoring_kwargs)
                        ^^^^^^^^^^^^^^^^^^^^^^^^^^^^^^^^^^^^^^^^^^^^^^^^^^
  File "C:\Users\rifqy\AppData\Local\Programs\Python\Python311\Lib\site-packages\pycaret\internal\metrics.py", line 144, in __call__
    return self.score_func(y_true, y_pred, **kwargs)
           ^^^^^^^^^^^^^^^^^^^^^^^^^^^^^^^^^^^^^^^^^
  File "C:\Users\rifqy\AppData\Local\Programs\Python\Python311\Lib\site-packages\sklearn\utils\_param_validation.py", line 213, in wrapper
    return func(*args, **kwargs)
           ^^^^^^^^^^^^^^^^^^^^^
  File "C:\Users\rifqy\AppData\Local\Programs\Python\Python311\Lib\site-packages\sklearn\metrics\_ranking.py", line 634, in roc_auc_score
    return _multiclass_roc_auc_score(
           ^^^^^^^^^^^^^^^^^^^^^^^^^^
  File "C:\Users\rifqy\AppData\Local\Programs\Python\Python311\Lib\site-packages\sklearn\metrics\_ranking.py", line 707, in _multiclass_roc_auc_score
    raise ValueError(
ValueError: Target scores need to be probabilities for multiclass roc_auc, i.e. they should sum up to 1.0 over classes

  warnings.warn(

2026-09-16 22:59:28,927:WARNING:C:\Users\rifqy\AppData\Local\Programs\Python\Python311\Lib\site-packages\pycaret\internal\metrics.py:204: FitFailedWarning: Metric 'make_scorer(roc_auc_score, response_method=('decision_function', 'predict_proba'), average=weighted, multi_class=ovr)' failed and error score 0.0 has been returned instead. If this is a custom metric, this usually means that the error is in the metric code. Full exception below:
Traceback (most recent call last):
  File "C:\Users\rifqy\AppData\Local\Programs\Python\Python311\Lib\site-packages\pycaret\internal\metrics.py", line 196, in _score
    return super()._score(
           ^^^^^^^^^^^^^^^
  File "C:\Users\rifqy\AppData\Local\Programs\Python\Python311\Lib\site-packages\sklearn\metrics\_scorer.py", line 350, in _score
    return self._sign * self._score_func(y_true, y_pred, **scoring_kwargs)
                        ^^^^^^^^^^^^^^^^^^^^^^^^^^^^^^^^^^^^^^^^^^^^^^^^^^
  File "C:\Users\rifqy\AppData\Local\Programs\Python\Python311\Lib\site-packages\pycaret\internal\metrics.py", line 144, in __call__
    return self.score_func(y_true, y_pred, **kwargs)
           ^^^^^^^^^^^^^^^^^^^^^^^^^^^^^^^^^^^^^^^^^
  File "C:\Users\rifqy\AppData\Local\Programs\Python\Python311\Lib\site-packages\sklearn\utils\_param_validation.py", line 213, in wrapper
    return func(*args, **kwargs)
           ^^^^^^^^^^^^^^^^^^^^^
  File "C:\Users\rifqy\AppData\Local\Programs\Python\Python311\Lib\site-packages\sklearn\metrics\_ranking.py", line 634, in roc_auc_score
    return _multiclass_roc_auc_score(
           ^^^^^^^^^^^^^^^^^^^^^^^^^^
  File "C:\Users\rifqy\AppData\Local\Programs\Python\Python311\Lib\site-packages\sklearn\metrics\_ranking.py", line 707, in _multiclass_roc_auc_score
    raise ValueError(
ValueError: Target scores need to be probabilities for multiclass roc_auc, i.e. they should sum up to 1.0 over classes

  warnings.warn(

2026-09-16 22:59:28,932:WARNING:C:\Users\rifqy\AppData\Local\Programs\Python\Python311\Lib\site-packages\pycaret\internal\metrics.py:204: FitFailedWarning: Metric 'make_scorer(roc_auc_score, response_method=('decision_function', 'predict_proba'), average=weighted, multi_class=ovr)' failed and error score 0.0 has been returned instead. If this is a custom metric, this usually means that the error is in the metric code. Full exception below:
Traceback (most recent call last):
  File "C:\Users\rifqy\AppData\Local\Programs\Python\Python311\Lib\site-packages\pycaret\internal\metrics.py", line 196, in _score
    return super()._score(
           ^^^^^^^^^^^^^^^
  File "C:\Users\rifqy\AppData\Local\Programs\Python\Python311\Lib\site-packages\sklearn\metrics\_scorer.py", line 350, in _score
    return self._sign * self._score_func(y_true, y_pred, **scoring_kwargs)
                        ^^^^^^^^^^^^^^^^^^^^^^^^^^^^^^^^^^^^^^^^^^^^^^^^^^
  File "C:\Users\rifqy\AppData\Local\Programs\Python\Python311\Lib\site-packages\pycaret\internal\metrics.py", line 144, in __call__
    return self.score_func(y_true, y_pred, **kwargs)
           ^^^^^^^^^^^^^^^^^^^^^^^^^^^^^^^^^^^^^^^^^
  File "C:\Users\rifqy\AppData\Local\Programs\Python\Python311\Lib\site-packages\sklearn\utils\_param_validation.py", line 213, in wrapper
    return func(*args, **kwargs)
           ^^^^^^^^^^^^^^^^^^^^^
  File "C:\Users\rifqy\AppData\Local\Programs\Python\Python311\Lib\site-packages\sklearn\metrics\_ranking.py", line 634, in roc_auc_score
    return _multiclass_roc_auc_score(
           ^^^^^^^^^^^^^^^^^^^^^^^^^^
  File "C:\Users\rifqy\AppData\Local\Programs\Python\Python311\Lib\site-packages\sklearn\metrics\_ranking.py", line 707, in _multiclass_roc_auc_score
    raise ValueError(
ValueError: Target scores need to be probabilities for multiclass roc_auc, i.e. they should sum up to 1.0 over classes

  warnings.warn(

2026-09-16 22:59:28,935:WARNING:C:\Users\rifqy\AppData\Local\Programs\Python\Python311\Lib\site-packages\pycaret\internal\metrics.py:204: FitFailedWarning: Metric 'make_scorer(roc_auc_score, response_method=('decision_function', 'predict_proba'), average=weighted, multi_class=ovr)' failed and error score 0.0 has been returned instead. If this is a custom metric, this usually means that the error is in the metric code. Full exception below:
Traceback (most recent call last):
  File "C:\Users\rifqy\AppData\Local\Programs\Python\Python311\Lib\site-packages\pycaret\internal\metrics.py", line 196, in _score
    return super()._score(
           ^^^^^^^^^^^^^^^
  File "C:\Users\rifqy\AppData\Local\Programs\Python\Python311\Lib\site-packages\sklearn\metrics\_scorer.py", line 350, in _score
    return self._sign * self._score_func(y_true, y_pred, **scoring_kwargs)
                        ^^^^^^^^^^^^^^^^^^^^^^^^^^^^^^^^^^^^^^^^^^^^^^^^^^
  File "C:\Users\rifqy\AppData\Local\Programs\Python\Python311\Lib\site-packages\pycaret\internal\metrics.py", line 144, in __call__
    return self.score_func(y_true, y_pred, **kwargs)
           ^^^^^^^^^^^^^^^^^^^^^^^^^^^^^^^^^^^^^^^^^
  File "C:\Users\rifqy\AppData\Local\Programs\Python\Python311\Lib\site-packages\sklearn\utils\_param_validation.py", line 213, in wrapper
    return func(*args, **kwargs)
           ^^^^^^^^^^^^^^^^^^^^^
  File "C:\Users\rifqy\AppData\Local\Programs\Python\Python311\Lib\site-packages\sklearn\metrics\_ranking.py", line 634, in roc_auc_score
    return _multiclass_roc_auc_score(
           ^^^^^^^^^^^^^^^^^^^^^^^^^^
  File "C:\Users\rifqy\AppData\Local\Programs\Python\Python311\Lib\site-packages\sklearn\metrics\_ranking.py", line 707, in _multiclass_roc_auc_score
    raise ValueError(
ValueError: Target scores need to be probabilities for multiclass roc_auc, i.e. they should sum up to 1.0 over classes

  warnings.warn(

2026-09-16 22:59:28,940:WARNING:C:\Users\rifqy\AppData\Local\Programs\Python\Python311\Lib\site-packages\pycaret\internal\metrics.py:204: FitFailedWarning: Metric 'make_scorer(roc_auc_score, response_method=('decision_function', 'predict_proba'), average=weighted, multi_class=ovr)' failed and error score 0.0 has been returned instead. If this is a custom metric, this usually means that the error is in the metric code. Full exception below:
Traceback (most recent call last):
  File "C:\Users\rifqy\AppData\Local\Programs\Python\Python311\Lib\site-packages\pycaret\internal\metrics.py", line 196, in _score
    return super()._score(
           ^^^^^^^^^^^^^^^
  File "C:\Users\rifqy\AppData\Local\Programs\Python\Python311\Lib\site-packages\sklearn\metrics\_scorer.py", line 350, in _score
    return self._sign * self._score_func(y_true, y_pred, **scoring_kwargs)
                        ^^^^^^^^^^^^^^^^^^^^^^^^^^^^^^^^^^^^^^^^^^^^^^^^^^
  File "C:\Users\rifqy\AppData\Local\Programs\Python\Python311\Lib\site-packages\pycaret\internal\metrics.py", line 144, in __call__
    return self.score_func(y_true, y_pred, **kwargs)
           ^^^^^^^^^^^^^^^^^^^^^^^^^^^^^^^^^^^^^^^^^
  File "C:\Users\rifqy\AppData\Local\Programs\Python\Python311\Lib\site-packages\sklearn\utils\_param_validation.py", line 213, in wrapper
    return func(*args, **kwargs)
           ^^^^^^^^^^^^^^^^^^^^^
  File "C:\Users\rifqy\AppData\Local\Programs\Python\Python311\Lib\site-packages\sklearn\metrics\_ranking.py", line 634, in roc_auc_score
    return _multiclass_roc_auc_score(
           ^^^^^^^^^^^^^^^^^^^^^^^^^^
  File "C:\Users\rifqy\AppData\Local\Programs\Python\Python311\Lib\site-packages\sklearn\metrics\_ranking.py", line 707, in _multiclass_roc_auc_score
    raise ValueError(
ValueError: Target scores need to be probabilities for multiclass roc_auc, i.e. they should sum up to 1.0 over classes

  warnings.warn(

2026-09-16 22:59:28,960:INFO:Calculating mean and std
2026-09-16 22:59:28,962:INFO:Creating metrics dataframe
2026-09-16 22:59:28,967:INFO:Uploading results into container
2026-09-16 22:59:28,969:INFO:Uploading model into container now
2026-09-16 22:59:28,969:INFO:_master_model_container: 9
2026-09-16 22:59:28,969:INFO:_display_container: 2
2026-09-16 22:59:28,970:INFO:AdaBoostClassifier(algorithm='SAMME.R', estimator=None, learning_rate=1.0,
                   n_estimators=50, random_state=123)
2026-09-16 22:59:28,970:INFO:create_model() successfully completed......................................
2026-09-16 22:59:29,074:INFO:SubProcess create_model() end ==================================
2026-09-16 22:59:29,074:INFO:Creating metrics dataframe
2026-09-16 22:59:29,079:INFO:Initializing Gradient Boosting Classifier
2026-09-16 22:59:29,079:INFO:Total runtime is 0.22620586156845093 minutes
2026-09-16 22:59:29,080:INFO:SubProcess create_model() called ==================================
2026-09-16 22:59:29,080:INFO:Initializing create_model()
2026-09-16 22:59:29,080:INFO:create_model(self=<pycaret.classification.oop.ClassificationExperiment object at 0x000002EB3066AC10>, estimator=gbc, fold=StratifiedKFold(n_splits=10, random_state=None, shuffle=False), round=4, cross_validation=True, predict=True, fit_kwargs={}, groups=None, refit=False, probability_threshold=None, experiment_custom_tags=None, verbose=False, system=False, add_to_model_list=True, metrics=None, display=<pycaret.internal.display.display.CommonDisplay object at 0x000002EB304B93D0>, model_only=True, return_train_score=False, error_score=0.0, kwargs={})
2026-09-16 22:59:29,080:INFO:Checking exceptions
2026-09-16 22:59:29,080:INFO:Importing libraries
2026-09-16 22:59:29,080:INFO:Copying training dataset
2026-09-16 22:59:29,085:INFO:Defining folds
2026-09-16 22:59:29,085:INFO:Declaring metric variables
2026-09-16 22:59:29,086:INFO:Importing untrained model
2026-09-16 22:59:29,086:INFO:Gradient Boosting Classifier Imported successfully
2026-09-16 22:59:29,087:INFO:Starting cross validation
2026-09-16 22:59:29,088:INFO:Cross validating with StratifiedKFold(n_splits=10, random_state=None, shuffle=False), n_jobs=-1
2026-09-16 22:59:29,603:WARNING:C:\Users\rifqy\AppData\Local\Programs\Python\Python311\Lib\site-packages\pycaret\internal\metrics.py:204: FitFailedWarning: Metric 'make_scorer(roc_auc_score, response_method=('decision_function', 'predict_proba'), average=weighted, multi_class=ovr)' failed and error score 0.0 has been returned instead. If this is a custom metric, this usually means that the error is in the metric code. Full exception below:
Traceback (most recent call last):
  File "C:\Users\rifqy\AppData\Local\Programs\Python\Python311\Lib\site-packages\pycaret\internal\metrics.py", line 196, in _score
    return super()._score(
           ^^^^^^^^^^^^^^^
  File "C:\Users\rifqy\AppData\Local\Programs\Python\Python311\Lib\site-packages\sklearn\metrics\_scorer.py", line 350, in _score
    return self._sign * self._score_func(y_true, y_pred, **scoring_kwargs)
                        ^^^^^^^^^^^^^^^^^^^^^^^^^^^^^^^^^^^^^^^^^^^^^^^^^^
  File "C:\Users\rifqy\AppData\Local\Programs\Python\Python311\Lib\site-packages\pycaret\internal\metrics.py", line 144, in __call__
    return self.score_func(y_true, y_pred, **kwargs)
           ^^^^^^^^^^^^^^^^^^^^^^^^^^^^^^^^^^^^^^^^^
  File "C:\Users\rifqy\AppData\Local\Programs\Python\Python311\Lib\site-packages\sklearn\utils\_param_validation.py", line 213, in wrapper
    return func(*args, **kwargs)
           ^^^^^^^^^^^^^^^^^^^^^
  File "C:\Users\rifqy\AppData\Local\Programs\Python\Python311\Lib\site-packages\sklearn\metrics\_ranking.py", line 634, in roc_auc_score
    return _multiclass_roc_auc_score(
           ^^^^^^^^^^^^^^^^^^^^^^^^^^
  File "C:\Users\rifqy\AppData\Local\Programs\Python\Python311\Lib\site-packages\sklearn\metrics\_ranking.py", line 707, in _multiclass_roc_auc_score
    raise ValueError(
ValueError: Target scores need to be probabilities for multiclass roc_auc, i.e. they should sum up to 1.0 over classes

  warnings.warn(

2026-09-16 22:59:29,643:WARNING:C:\Users\rifqy\AppData\Local\Programs\Python\Python311\Lib\site-packages\pycaret\internal\metrics.py:204: FitFailedWarning: Metric 'make_scorer(roc_auc_score, response_method=('decision_function', 'predict_proba'), average=weighted, multi_class=ovr)' failed and error score 0.0 has been returned instead. If this is a custom metric, this usually means that the error is in the metric code. Full exception below:
Traceback (most recent call last):
  File "C:\Users\rifqy\AppData\Local\Programs\Python\Python311\Lib\site-packages\pycaret\internal\metrics.py", line 196, in _score
    return super()._score(
           ^^^^^^^^^^^^^^^
  File "C:\Users\rifqy\AppData\Local\Programs\Python\Python311\Lib\site-packages\sklearn\metrics\_scorer.py", line 350, in _score
    return self._sign * self._score_func(y_true, y_pred, **scoring_kwargs)
                        ^^^^^^^^^^^^^^^^^^^^^^^^^^^^^^^^^^^^^^^^^^^^^^^^^^
  File "C:\Users\rifqy\AppData\Local\Programs\Python\Python311\Lib\site-packages\pycaret\internal\metrics.py", line 144, in __call__
    return self.score_func(y_true, y_pred, **kwargs)
           ^^^^^^^^^^^^^^^^^^^^^^^^^^^^^^^^^^^^^^^^^
  File "C:\Users\rifqy\AppData\Local\Programs\Python\Python311\Lib\site-packages\sklearn\utils\_param_validation.py", line 213, in wrapper
    return func(*args, **kwargs)
           ^^^^^^^^^^^^^^^^^^^^^
  File "C:\Users\rifqy\AppData\Local\Programs\Python\Python311\Lib\site-packages\sklearn\metrics\_ranking.py", line 634, in roc_auc_score
    return _multiclass_roc_auc_score(
           ^^^^^^^^^^^^^^^^^^^^^^^^^^
  File "C:\Users\rifqy\AppData\Local\Programs\Python\Python311\Lib\site-packages\sklearn\metrics\_ranking.py", line 707, in _multiclass_roc_auc_score
    raise ValueError(
ValueError: Target scores need to be probabilities for multiclass roc_auc, i.e. they should sum up to 1.0 over classes

  warnings.warn(

2026-09-16 22:59:29,659:WARNING:C:\Users\rifqy\AppData\Local\Programs\Python\Python311\Lib\site-packages\pycaret\internal\metrics.py:204: FitFailedWarning: Metric 'make_scorer(roc_auc_score, response_method=('decision_function', 'predict_proba'), average=weighted, multi_class=ovr)' failed and error score 0.0 has been returned instead. If this is a custom metric, this usually means that the error is in the metric code. Full exception below:
Traceback (most recent call last):
  File "C:\Users\rifqy\AppData\Local\Programs\Python\Python311\Lib\site-packages\pycaret\internal\metrics.py", line 196, in _score
    return super()._score(
           ^^^^^^^^^^^^^^^
  File "C:\Users\rifqy\AppData\Local\Programs\Python\Python311\Lib\site-packages\sklearn\metrics\_scorer.py", line 350, in _score
    return self._sign * self._score_func(y_true, y_pred, **scoring_kwargs)
                        ^^^^^^^^^^^^^^^^^^^^^^^^^^^^^^^^^^^^^^^^^^^^^^^^^^
  File "C:\Users\rifqy\AppData\Local\Programs\Python\Python311\Lib\site-packages\pycaret\internal\metrics.py", line 144, in __call__
    return self.score_func(y_true, y_pred, **kwargs)
           ^^^^^^^^^^^^^^^^^^^^^^^^^^^^^^^^^^^^^^^^^
  File "C:\Users\rifqy\AppData\Local\Programs\Python\Python311\Lib\site-packages\sklearn\utils\_param_validation.py", line 213, in wrapper
    return func(*args, **kwargs)
           ^^^^^^^^^^^^^^^^^^^^^
  File "C:\Users\rifqy\AppData\Local\Programs\Python\Python311\Lib\site-packages\sklearn\metrics\_ranking.py", line 634, in roc_auc_score
    return _multiclass_roc_auc_score(
           ^^^^^^^^^^^^^^^^^^^^^^^^^^
  File "C:\Users\rifqy\AppData\Local\Programs\Python\Python311\Lib\site-packages\sklearn\metrics\_ranking.py", line 707, in _multiclass_roc_auc_score
    raise ValueError(
ValueError: Target scores need to be probabilities for multiclass roc_auc, i.e. they should sum up to 1.0 over classes

  warnings.warn(

2026-09-16 22:59:29,659:WARNING:C:\Users\rifqy\AppData\Local\Programs\Python\Python311\Lib\site-packages\pycaret\internal\metrics.py:204: FitFailedWarning: Metric 'make_scorer(roc_auc_score, response_method=('decision_function', 'predict_proba'), average=weighted, multi_class=ovr)' failed and error score 0.0 has been returned instead. If this is a custom metric, this usually means that the error is in the metric code. Full exception below:
Traceback (most recent call last):
  File "C:\Users\rifqy\AppData\Local\Programs\Python\Python311\Lib\site-packages\pycaret\internal\metrics.py", line 196, in _score
    return super()._score(
           ^^^^^^^^^^^^^^^
  File "C:\Users\rifqy\AppData\Local\Programs\Python\Python311\Lib\site-packages\sklearn\metrics\_scorer.py", line 350, in _score
    return self._sign * self._score_func(y_true, y_pred, **scoring_kwargs)
                        ^^^^^^^^^^^^^^^^^^^^^^^^^^^^^^^^^^^^^^^^^^^^^^^^^^
  File "C:\Users\rifqy\AppData\Local\Programs\Python\Python311\Lib\site-packages\pycaret\internal\metrics.py", line 144, in __call__
    return self.score_func(y_true, y_pred, **kwargs)
           ^^^^^^^^^^^^^^^^^^^^^^^^^^^^^^^^^^^^^^^^^
  File "C:\Users\rifqy\AppData\Local\Programs\Python\Python311\Lib\site-packages\sklearn\utils\_param_validation.py", line 213, in wrapper
    return func(*args, **kwargs)
           ^^^^^^^^^^^^^^^^^^^^^
  File "C:\Users\rifqy\AppData\Local\Programs\Python\Python311\Lib\site-packages\sklearn\metrics\_ranking.py", line 634, in roc_auc_score
    return _multiclass_roc_auc_score(
           ^^^^^^^^^^^^^^^^^^^^^^^^^^
  File "C:\Users\rifqy\AppData\Local\Programs\Python\Python311\Lib\site-packages\sklearn\metrics\_ranking.py", line 707, in _multiclass_roc_auc_score
    raise ValueError(
ValueError: Target scores need to be probabilities for multiclass roc_auc, i.e. they should sum up to 1.0 over classes

  warnings.warn(

2026-09-16 22:59:29,660:WARNING:C:\Users\rifqy\AppData\Local\Programs\Python\Python311\Lib\site-packages\pycaret\internal\metrics.py:204: FitFailedWarning: Metric 'make_scorer(roc_auc_score, response_method=('decision_function', 'predict_proba'), average=weighted, multi_class=ovr)' failed and error score 0.0 has been returned instead. If this is a custom metric, this usually means that the error is in the metric code. Full exception below:
Traceback (most recent call last):
  File "C:\Users\rifqy\AppData\Local\Programs\Python\Python311\Lib\site-packages\pycaret\internal\metrics.py", line 196, in _score
    return super()._score(
           ^^^^^^^^^^^^^^^
  File "C:\Users\rifqy\AppData\Local\Programs\Python\Python311\Lib\site-packages\sklearn\metrics\_scorer.py", line 350, in _score
    return self._sign * self._score_func(y_true, y_pred, **scoring_kwargs)
                        ^^^^^^^^^^^^^^^^^^^^^^^^^^^^^^^^^^^^^^^^^^^^^^^^^^
  File "C:\Users\rifqy\AppData\Local\Programs\Python\Python311\Lib\site-packages\pycaret\internal\metrics.py", line 144, in __call__
    return self.score_func(y_true, y_pred, **kwargs)
           ^^^^^^^^^^^^^^^^^^^^^^^^^^^^^^^^^^^^^^^^^
  File "C:\Users\rifqy\AppData\Local\Programs\Python\Python311\Lib\site-packages\sklearn\utils\_param_validation.py", line 213, in wrapper
    return func(*args, **kwargs)
           ^^^^^^^^^^^^^^^^^^^^^
  File "C:\Users\rifqy\AppData\Local\Programs\Python\Python311\Lib\site-packages\sklearn\metrics\_ranking.py", line 634, in roc_auc_score
    return _multiclass_roc_auc_score(
           ^^^^^^^^^^^^^^^^^^^^^^^^^^
  File "C:\Users\rifqy\AppData\Local\Programs\Python\Python311\Lib\site-packages\sklearn\metrics\_ranking.py", line 707, in _multiclass_roc_auc_score
    raise ValueError(
ValueError: Target scores need to be probabilities for multiclass roc_auc, i.e. they should sum up to 1.0 over classes

  warnings.warn(

2026-09-16 22:59:29,661:WARNING:C:\Users\rifqy\AppData\Local\Programs\Python\Python311\Lib\site-packages\pycaret\internal\metrics.py:204: FitFailedWarning: Metric 'make_scorer(roc_auc_score, response_method=('decision_function', 'predict_proba'), average=weighted, multi_class=ovr)' failed and error score 0.0 has been returned instead. If this is a custom metric, this usually means that the error is in the metric code. Full exception below:
Traceback (most recent call last):
  File "C:\Users\rifqy\AppData\Local\Programs\Python\Python311\Lib\site-packages\pycaret\internal\metrics.py", line 196, in _score
    return super()._score(
           ^^^^^^^^^^^^^^^
  File "C:\Users\rifqy\AppData\Local\Programs\Python\Python311\Lib\site-packages\sklearn\metrics\_scorer.py", line 350, in _score
    return self._sign * self._score_func(y_true, y_pred, **scoring_kwargs)
                        ^^^^^^^^^^^^^^^^^^^^^^^^^^^^^^^^^^^^^^^^^^^^^^^^^^
  File "C:\Users\rifqy\AppData\Local\Programs\Python\Python311\Lib\site-packages\pycaret\internal\metrics.py", line 144, in __call__
    return self.score_func(y_true, y_pred, **kwargs)
           ^^^^^^^^^^^^^^^^^^^^^^^^^^^^^^^^^^^^^^^^^
  File "C:\Users\rifqy\AppData\Local\Programs\Python\Python311\Lib\site-packages\sklearn\utils\_param_validation.py", line 213, in wrapper
    return func(*args, **kwargs)
           ^^^^^^^^^^^^^^^^^^^^^
  File "C:\Users\rifqy\AppData\Local\Programs\Python\Python311\Lib\site-packages\sklearn\metrics\_ranking.py", line 634, in roc_auc_score
    return _multiclass_roc_auc_score(
           ^^^^^^^^^^^^^^^^^^^^^^^^^^
  File "C:\Users\rifqy\AppData\Local\Programs\Python\Python311\Lib\site-packages\sklearn\metrics\_ranking.py", line 707, in _multiclass_roc_auc_score
    raise ValueError(
ValueError: Target scores need to be probabilities for multiclass roc_auc, i.e. they should sum up to 1.0 over classes

  warnings.warn(

2026-09-16 22:59:29,668:WARNING:C:\Users\rifqy\AppData\Local\Programs\Python\Python311\Lib\site-packages\pycaret\internal\metrics.py:204: FitFailedWarning: Metric 'make_scorer(roc_auc_score, response_method=('decision_function', 'predict_proba'), average=weighted, multi_class=ovr)' failed and error score 0.0 has been returned instead. If this is a custom metric, this usually means that the error is in the metric code. Full exception below:
Traceback (most recent call last):
  File "C:\Users\rifqy\AppData\Local\Programs\Python\Python311\Lib\site-packages\pycaret\internal\metrics.py", line 196, in _score
    return super()._score(
           ^^^^^^^^^^^^^^^
  File "C:\Users\rifqy\AppData\Local\Programs\Python\Python311\Lib\site-packages\sklearn\metrics\_scorer.py", line 350, in _score
    return self._sign * self._score_func(y_true, y_pred, **scoring_kwargs)
                        ^^^^^^^^^^^^^^^^^^^^^^^^^^^^^^^^^^^^^^^^^^^^^^^^^^
  File "C:\Users\rifqy\AppData\Local\Programs\Python\Python311\Lib\site-packages\pycaret\internal\metrics.py", line 144, in __call__
    return self.score_func(y_true, y_pred, **kwargs)
           ^^^^^^^^^^^^^^^^^^^^^^^^^^^^^^^^^^^^^^^^^
  File "C:\Users\rifqy\AppData\Local\Programs\Python\Python311\Lib\site-packages\sklearn\utils\_param_validation.py", line 213, in wrapper
    return func(*args, **kwargs)
           ^^^^^^^^^^^^^^^^^^^^^
  File "C:\Users\rifqy\AppData\Local\Programs\Python\Python311\Lib\site-packages\sklearn\metrics\_ranking.py", line 634, in roc_auc_score
    return _multiclass_roc_auc_score(
           ^^^^^^^^^^^^^^^^^^^^^^^^^^
  File "C:\Users\rifqy\AppData\Local\Programs\Python\Python311\Lib\site-packages\sklearn\metrics\_ranking.py", line 707, in _multiclass_roc_auc_score
    raise ValueError(
ValueError: Target scores need to be probabilities for multiclass roc_auc, i.e. they should sum up to 1.0 over classes

  warnings.warn(

2026-09-16 22:59:29,671:WARNING:C:\Users\rifqy\AppData\Local\Programs\Python\Python311\Lib\site-packages\pycaret\internal\metrics.py:204: FitFailedWarning: Metric 'make_scorer(roc_auc_score, response_method=('decision_function', 'predict_proba'), average=weighted, multi_class=ovr)' failed and error score 0.0 has been returned instead. If this is a custom metric, this usually means that the error is in the metric code. Full exception below:
Traceback (most recent call last):
  File "C:\Users\rifqy\AppData\Local\Programs\Python\Python311\Lib\site-packages\pycaret\internal\metrics.py", line 196, in _score
    return super()._score(
           ^^^^^^^^^^^^^^^
  File "C:\Users\rifqy\AppData\Local\Programs\Python\Python311\Lib\site-packages\sklearn\metrics\_scorer.py", line 350, in _score
    return self._sign * self._score_func(y_true, y_pred, **scoring_kwargs)
                        ^^^^^^^^^^^^^^^^^^^^^^^^^^^^^^^^^^^^^^^^^^^^^^^^^^
  File "C:\Users\rifqy\AppData\Local\Programs\Python\Python311\Lib\site-packages\pycaret\internal\metrics.py", line 144, in __call__
    return self.score_func(y_true, y_pred, **kwargs)
           ^^^^^^^^^^^^^^^^^^^^^^^^^^^^^^^^^^^^^^^^^
  File "C:\Users\rifqy\AppData\Local\Programs\Python\Python311\Lib\site-packages\sklearn\utils\_param_validation.py", line 213, in wrapper
    return func(*args, **kwargs)
           ^^^^^^^^^^^^^^^^^^^^^
  File "C:\Users\rifqy\AppData\Local\Programs\Python\Python311\Lib\site-packages\sklearn\metrics\_ranking.py", line 634, in roc_auc_score
    return _multiclass_roc_auc_score(
           ^^^^^^^^^^^^^^^^^^^^^^^^^^
  File "C:\Users\rifqy\AppData\Local\Programs\Python\Python311\Lib\site-packages\sklearn\metrics\_ranking.py", line 707, in _multiclass_roc_auc_score
    raise ValueError(
ValueError: Target scores need to be probabilities for multiclass roc_auc, i.e. they should sum up to 1.0 over classes

  warnings.warn(

2026-09-16 22:59:29,682:WARNING:C:\Users\rifqy\AppData\Local\Programs\Python\Python311\Lib\site-packages\pycaret\internal\metrics.py:204: FitFailedWarning: Metric 'make_scorer(roc_auc_score, response_method=('decision_function', 'predict_proba'), average=weighted, multi_class=ovr)' failed and error score 0.0 has been returned instead. If this is a custom metric, this usually means that the error is in the metric code. Full exception below:
Traceback (most recent call last):
  File "C:\Users\rifqy\AppData\Local\Programs\Python\Python311\Lib\site-packages\pycaret\internal\metrics.py", line 196, in _score
    return super()._score(
           ^^^^^^^^^^^^^^^
  File "C:\Users\rifqy\AppData\Local\Programs\Python\Python311\Lib\site-packages\sklearn\metrics\_scorer.py", line 350, in _score
    return self._sign * self._score_func(y_true, y_pred, **scoring_kwargs)
                        ^^^^^^^^^^^^^^^^^^^^^^^^^^^^^^^^^^^^^^^^^^^^^^^^^^
  File "C:\Users\rifqy\AppData\Local\Programs\Python\Python311\Lib\site-packages\pycaret\internal\metrics.py", line 144, in __call__
    return self.score_func(y_true, y_pred, **kwargs)
           ^^^^^^^^^^^^^^^^^^^^^^^^^^^^^^^^^^^^^^^^^
  File "C:\Users\rifqy\AppData\Local\Programs\Python\Python311\Lib\site-packages\sklearn\utils\_param_validation.py", line 213, in wrapper
    return func(*args, **kwargs)
           ^^^^^^^^^^^^^^^^^^^^^
  File "C:\Users\rifqy\AppData\Local\Programs\Python\Python311\Lib\site-packages\sklearn\metrics\_ranking.py", line 634, in roc_auc_score
    return _multiclass_roc_auc_score(
           ^^^^^^^^^^^^^^^^^^^^^^^^^^
  File "C:\Users\rifqy\AppData\Local\Programs\Python\Python311\Lib\site-packages\sklearn\metrics\_ranking.py", line 707, in _multiclass_roc_auc_score
    raise ValueError(
ValueError: Target scores need to be probabilities for multiclass roc_auc, i.e. they should sum up to 1.0 over classes

  warnings.warn(

2026-09-16 22:59:29,683:WARNING:C:\Users\rifqy\AppData\Local\Programs\Python\Python311\Lib\site-packages\pycaret\internal\metrics.py:204: FitFailedWarning: Metric 'make_scorer(roc_auc_score, response_method=('decision_function', 'predict_proba'), average=weighted, multi_class=ovr)' failed and error score 0.0 has been returned instead. If this is a custom metric, this usually means that the error is in the metric code. Full exception below:
Traceback (most recent call last):
  File "C:\Users\rifqy\AppData\Local\Programs\Python\Python311\Lib\site-packages\pycaret\internal\metrics.py", line 196, in _score
    return super()._score(
           ^^^^^^^^^^^^^^^
  File "C:\Users\rifqy\AppData\Local\Programs\Python\Python311\Lib\site-packages\sklearn\metrics\_scorer.py", line 350, in _score
    return self._sign * self._score_func(y_true, y_pred, **scoring_kwargs)
                        ^^^^^^^^^^^^^^^^^^^^^^^^^^^^^^^^^^^^^^^^^^^^^^^^^^
  File "C:\Users\rifqy\AppData\Local\Programs\Python\Python311\Lib\site-packages\pycaret\internal\metrics.py", line 144, in __call__
    return self.score_func(y_true, y_pred, **kwargs)
           ^^^^^^^^^^^^^^^^^^^^^^^^^^^^^^^^^^^^^^^^^
  File "C:\Users\rifqy\AppData\Local\Programs\Python\Python311\Lib\site-packages\sklearn\utils\_param_validation.py", line 213, in wrapper
    return func(*args, **kwargs)
           ^^^^^^^^^^^^^^^^^^^^^
  File "C:\Users\rifqy\AppData\Local\Programs\Python\Python311\Lib\site-packages\sklearn\metrics\_ranking.py", line 634, in roc_auc_score
    return _multiclass_roc_auc_score(
           ^^^^^^^^^^^^^^^^^^^^^^^^^^
  File "C:\Users\rifqy\AppData\Local\Programs\Python\Python311\Lib\site-packages\sklearn\metrics\_ranking.py", line 707, in _multiclass_roc_auc_score
    raise ValueError(
ValueError: Target scores need to be probabilities for multiclass roc_auc, i.e. they should sum up to 1.0 over classes

  warnings.warn(

2026-09-16 22:59:29,699:INFO:Calculating mean and std
2026-09-16 22:59:29,700:INFO:Creating metrics dataframe
2026-09-16 22:59:29,702:INFO:Uploading results into container
2026-09-16 22:59:29,702:INFO:Uploading model into container now
2026-09-16 22:59:29,703:INFO:_master_model_container: 10
2026-09-16 22:59:29,703:INFO:_display_container: 2
2026-09-16 22:59:29,703:INFO:GradientBoostingClassifier(ccp_alpha=0.0, criterion='friedman_mse', init=None,
                           learning_rate=0.1, loss='log_loss', max_depth=3,
                           max_features=None, max_leaf_nodes=None,
                           min_impurity_decrease=0.0, min_samples_leaf=1,
                           min_samples_split=2, min_weight_fraction_leaf=0.0,
                           n_estimators=100, n_iter_no_change=None,
                           random_state=123, subsample=1.0, tol=0.0001,
                           validation_fraction=0.1, verbose=0,
                           warm_start=False)
2026-09-16 22:59:29,703:INFO:create_model() successfully completed......................................
2026-09-16 22:59:29,769:INFO:SubProcess create_model() end ==================================
2026-09-16 22:59:29,769:INFO:Creating metrics dataframe
2026-09-16 22:59:29,773:INFO:Initializing Linear Discriminant Analysis
2026-09-16 22:59:29,774:INFO:Total runtime is 0.2377879063288371 minutes
2026-09-16 22:59:29,774:INFO:SubProcess create_model() called ==================================
2026-09-16 22:59:29,774:INFO:Initializing create_model()
2026-09-16 22:59:29,774:INFO:create_model(self=<pycaret.classification.oop.ClassificationExperiment object at 0x000002EB3066AC10>, estimator=lda, fold=StratifiedKFold(n_splits=10, random_state=None, shuffle=False), round=4, cross_validation=True, predict=True, fit_kwargs={}, groups=None, refit=False, probability_threshold=None, experiment_custom_tags=None, verbose=False, system=False, add_to_model_list=True, metrics=None, display=<pycaret.internal.display.display.CommonDisplay object at 0x000002EB304B93D0>, model_only=True, return_train_score=False, error_score=0.0, kwargs={})
2026-09-16 22:59:29,774:INFO:Checking exceptions
2026-09-16 22:59:29,775:INFO:Importing libraries
2026-09-16 22:59:29,775:INFO:Copying training dataset
2026-09-16 22:59:29,779:INFO:Defining folds
2026-09-16 22:59:29,779:INFO:Declaring metric variables
2026-09-16 22:59:29,779:INFO:Importing untrained model
2026-09-16 22:59:29,780:INFO:Linear Discriminant Analysis Imported successfully
2026-09-16 22:59:29,780:INFO:Starting cross validation
2026-09-16 22:59:29,781:INFO:Cross validating with StratifiedKFold(n_splits=10, random_state=None, shuffle=False), n_jobs=-1
2026-09-16 22:59:29,828:WARNING:C:\Users\rifqy\AppData\Local\Programs\Python\Python311\Lib\site-packages\pycaret\internal\metrics.py:204: FitFailedWarning: Metric 'make_scorer(roc_auc_score, response_method=('decision_function', 'predict_proba'), average=weighted, multi_class=ovr)' failed and error score 0.0 has been returned instead. If this is a custom metric, this usually means that the error is in the metric code. Full exception below:
Traceback (most recent call last):
  File "C:\Users\rifqy\AppData\Local\Programs\Python\Python311\Lib\site-packages\pycaret\internal\metrics.py", line 196, in _score
    return super()._score(
           ^^^^^^^^^^^^^^^
  File "C:\Users\rifqy\AppData\Local\Programs\Python\Python311\Lib\site-packages\sklearn\metrics\_scorer.py", line 350, in _score
    return self._sign * self._score_func(y_true, y_pred, **scoring_kwargs)
                        ^^^^^^^^^^^^^^^^^^^^^^^^^^^^^^^^^^^^^^^^^^^^^^^^^^
  File "C:\Users\rifqy\AppData\Local\Programs\Python\Python311\Lib\site-packages\pycaret\internal\metrics.py", line 144, in __call__
    return self.score_func(y_true, y_pred, **kwargs)
           ^^^^^^^^^^^^^^^^^^^^^^^^^^^^^^^^^^^^^^^^^
  File "C:\Users\rifqy\AppData\Local\Programs\Python\Python311\Lib\site-packages\sklearn\utils\_param_validation.py", line 213, in wrapper
    return func(*args, **kwargs)
           ^^^^^^^^^^^^^^^^^^^^^
  File "C:\Users\rifqy\AppData\Local\Programs\Python\Python311\Lib\site-packages\sklearn\metrics\_ranking.py", line 634, in roc_auc_score
    return _multiclass_roc_auc_score(
           ^^^^^^^^^^^^^^^^^^^^^^^^^^
  File "C:\Users\rifqy\AppData\Local\Programs\Python\Python311\Lib\site-packages\sklearn\metrics\_ranking.py", line 707, in _multiclass_roc_auc_score
    raise ValueError(
ValueError: Target scores need to be probabilities for multiclass roc_auc, i.e. they should sum up to 1.0 over classes

  warnings.warn(

2026-09-16 22:59:29,828:WARNING:C:\Users\rifqy\AppData\Local\Programs\Python\Python311\Lib\site-packages\pycaret\internal\metrics.py:204: FitFailedWarning: Metric 'make_scorer(roc_auc_score, response_method=('decision_function', 'predict_proba'), average=weighted, multi_class=ovr)' failed and error score 0.0 has been returned instead. If this is a custom metric, this usually means that the error is in the metric code. Full exception below:
Traceback (most recent call last):
  File "C:\Users\rifqy\AppData\Local\Programs\Python\Python311\Lib\site-packages\pycaret\internal\metrics.py", line 196, in _score
    return super()._score(
           ^^^^^^^^^^^^^^^
  File "C:\Users\rifqy\AppData\Local\Programs\Python\Python311\Lib\site-packages\sklearn\metrics\_scorer.py", line 350, in _score
    return self._sign * self._score_func(y_true, y_pred, **scoring_kwargs)
                        ^^^^^^^^^^^^^^^^^^^^^^^^^^^^^^^^^^^^^^^^^^^^^^^^^^
  File "C:\Users\rifqy\AppData\Local\Programs\Python\Python311\Lib\site-packages\pycaret\internal\metrics.py", line 144, in __call__
    return self.score_func(y_true, y_pred, **kwargs)
           ^^^^^^^^^^^^^^^^^^^^^^^^^^^^^^^^^^^^^^^^^
  File "C:\Users\rifqy\AppData\Local\Programs\Python\Python311\Lib\site-packages\sklearn\utils\_param_validation.py", line 213, in wrapper
    return func(*args, **kwargs)
           ^^^^^^^^^^^^^^^^^^^^^
  File "C:\Users\rifqy\AppData\Local\Programs\Python\Python311\Lib\site-packages\sklearn\metrics\_ranking.py", line 634, in roc_auc_score
    return _multiclass_roc_auc_score(
           ^^^^^^^^^^^^^^^^^^^^^^^^^^
  File "C:\Users\rifqy\AppData\Local\Programs\Python\Python311\Lib\site-packages\sklearn\metrics\_ranking.py", line 707, in _multiclass_roc_auc_score
    raise ValueError(
ValueError: Target scores need to be probabilities for multiclass roc_auc, i.e. they should sum up to 1.0 over classes

  warnings.warn(

2026-09-16 22:59:29,828:WARNING:C:\Users\rifqy\AppData\Local\Programs\Python\Python311\Lib\site-packages\pycaret\internal\metrics.py:204: FitFailedWarning: Metric 'make_scorer(roc_auc_score, response_method=('decision_function', 'predict_proba'), average=weighted, multi_class=ovr)' failed and error score 0.0 has been returned instead. If this is a custom metric, this usually means that the error is in the metric code. Full exception below:
Traceback (most recent call last):
  File "C:\Users\rifqy\AppData\Local\Programs\Python\Python311\Lib\site-packages\pycaret\internal\metrics.py", line 196, in _score
    return super()._score(
           ^^^^^^^^^^^^^^^
  File "C:\Users\rifqy\AppData\Local\Programs\Python\Python311\Lib\site-packages\sklearn\metrics\_scorer.py", line 350, in _score
    return self._sign * self._score_func(y_true, y_pred, **scoring_kwargs)
                        ^^^^^^^^^^^^^^^^^^^^^^^^^^^^^^^^^^^^^^^^^^^^^^^^^^
  File "C:\Users\rifqy\AppData\Local\Programs\Python\Python311\Lib\site-packages\pycaret\internal\metrics.py", line 144, in __call__
    return self.score_func(y_true, y_pred, **kwargs)
           ^^^^^^^^^^^^^^^^^^^^^^^^^^^^^^^^^^^^^^^^^
  File "C:\Users\rifqy\AppData\Local\Programs\Python\Python311\Lib\site-packages\sklearn\utils\_param_validation.py", line 213, in wrapper
    return func(*args, **kwargs)
           ^^^^^^^^^^^^^^^^^^^^^
  File "C:\Users\rifqy\AppData\Local\Programs\Python\Python311\Lib\site-packages\sklearn\metrics\_ranking.py", line 634, in roc_auc_score
    return _multiclass_roc_auc_score(
           ^^^^^^^^^^^^^^^^^^^^^^^^^^
  File "C:\Users\rifqy\AppData\Local\Programs\Python\Python311\Lib\site-packages\sklearn\metrics\_ranking.py", line 707, in _multiclass_roc_auc_score
    raise ValueError(
ValueError: Target scores need to be probabilities for multiclass roc_auc, i.e. they should sum up to 1.0 over classes

  warnings.warn(

2026-09-16 22:59:29,831:WARNING:C:\Users\rifqy\AppData\Local\Programs\Python\Python311\Lib\site-packages\pycaret\internal\metrics.py:204: FitFailedWarning: Metric 'make_scorer(roc_auc_score, response_method=('decision_function', 'predict_proba'), average=weighted, multi_class=ovr)' failed and error score 0.0 has been returned instead. If this is a custom metric, this usually means that the error is in the metric code. Full exception below:
Traceback (most recent call last):
  File "C:\Users\rifqy\AppData\Local\Programs\Python\Python311\Lib\site-packages\pycaret\internal\metrics.py", line 196, in _score
    return super()._score(
           ^^^^^^^^^^^^^^^
  File "C:\Users\rifqy\AppData\Local\Programs\Python\Python311\Lib\site-packages\sklearn\metrics\_scorer.py", line 350, in _score
    return self._sign * self._score_func(y_true, y_pred, **scoring_kwargs)
                        ^^^^^^^^^^^^^^^^^^^^^^^^^^^^^^^^^^^^^^^^^^^^^^^^^^
  File "C:\Users\rifqy\AppData\Local\Programs\Python\Python311\Lib\site-packages\pycaret\internal\metrics.py", line 144, in __call__
    return self.score_func(y_true, y_pred, **kwargs)
           ^^^^^^^^^^^^^^^^^^^^^^^^^^^^^^^^^^^^^^^^^
  File "C:\Users\rifqy\AppData\Local\Programs\Python\Python311\Lib\site-packages\sklearn\utils\_param_validation.py", line 213, in wrapper
    return func(*args, **kwargs)
           ^^^^^^^^^^^^^^^^^^^^^
  File "C:\Users\rifqy\AppData\Local\Programs\Python\Python311\Lib\site-packages\sklearn\metrics\_ranking.py", line 634, in roc_auc_score
    return _multiclass_roc_auc_score(
           ^^^^^^^^^^^^^^^^^^^^^^^^^^
  File "C:\Users\rifqy\AppData\Local\Programs\Python\Python311\Lib\site-packages\sklearn\metrics\_ranking.py", line 707, in _multiclass_roc_auc_score
    raise ValueError(
ValueError: Target scores need to be probabilities for multiclass roc_auc, i.e. they should sum up to 1.0 over classes

  warnings.warn(

2026-09-16 22:59:29,834:WARNING:C:\Users\rifqy\AppData\Local\Programs\Python\Python311\Lib\site-packages\pycaret\internal\metrics.py:204: FitFailedWarning: Metric 'make_scorer(roc_auc_score, response_method=('decision_function', 'predict_proba'), average=weighted, multi_class=ovr)' failed and error score 0.0 has been returned instead. If this is a custom metric, this usually means that the error is in the metric code. Full exception below:
Traceback (most recent call last):
  File "C:\Users\rifqy\AppData\Local\Programs\Python\Python311\Lib\site-packages\pycaret\internal\metrics.py", line 196, in _score
    return super()._score(
           ^^^^^^^^^^^^^^^
  File "C:\Users\rifqy\AppData\Local\Programs\Python\Python311\Lib\site-packages\sklearn\metrics\_scorer.py", line 350, in _score
    return self._sign * self._score_func(y_true, y_pred, **scoring_kwargs)
                        ^^^^^^^^^^^^^^^^^^^^^^^^^^^^^^^^^^^^^^^^^^^^^^^^^^
  File "C:\Users\rifqy\AppData\Local\Programs\Python\Python311\Lib\site-packages\pycaret\internal\metrics.py", line 144, in __call__
    return self.score_func(y_true, y_pred, **kwargs)
           ^^^^^^^^^^^^^^^^^^^^^^^^^^^^^^^^^^^^^^^^^
  File "C:\Users\rifqy\AppData\Local\Programs\Python\Python311\Lib\site-packages\sklearn\utils\_param_validation.py", line 213, in wrapper
    return func(*args, **kwargs)
           ^^^^^^^^^^^^^^^^^^^^^
  File "C:\Users\rifqy\AppData\Local\Programs\Python\Python311\Lib\site-packages\sklearn\metrics\_ranking.py", line 634, in roc_auc_score
    return _multiclass_roc_auc_score(
           ^^^^^^^^^^^^^^^^^^^^^^^^^^
  File "C:\Users\rifqy\AppData\Local\Programs\Python\Python311\Lib\site-packages\sklearn\metrics\_ranking.py", line 707, in _multiclass_roc_auc_score
    raise ValueError(
ValueError: Target scores need to be probabilities for multiclass roc_auc, i.e. they should sum up to 1.0 over classes

  warnings.warn(

2026-09-16 22:59:29,834:WARNING:C:\Users\rifqy\AppData\Local\Programs\Python\Python311\Lib\site-packages\pycaret\internal\metrics.py:204: FitFailedWarning: Metric 'make_scorer(roc_auc_score, response_method=('decision_function', 'predict_proba'), average=weighted, multi_class=ovr)' failed and error score 0.0 has been returned instead. If this is a custom metric, this usually means that the error is in the metric code. Full exception below:
Traceback (most recent call last):
  File "C:\Users\rifqy\AppData\Local\Programs\Python\Python311\Lib\site-packages\pycaret\internal\metrics.py", line 196, in _score
    return super()._score(
           ^^^^^^^^^^^^^^^
  File "C:\Users\rifqy\AppData\Local\Programs\Python\Python311\Lib\site-packages\sklearn\metrics\_scorer.py", line 350, in _score
    return self._sign * self._score_func(y_true, y_pred, **scoring_kwargs)
                        ^^^^^^^^^^^^^^^^^^^^^^^^^^^^^^^^^^^^^^^^^^^^^^^^^^
  File "C:\Users\rifqy\AppData\Local\Programs\Python\Python311\Lib\site-packages\pycaret\internal\metrics.py", line 144, in __call__
    return self.score_func(y_true, y_pred, **kwargs)
           ^^^^^^^^^^^^^^^^^^^^^^^^^^^^^^^^^^^^^^^^^
  File "C:\Users\rifqy\AppData\Local\Programs\Python\Python311\Lib\site-packages\sklearn\utils\_param_validation.py", line 213, in wrapper
    return func(*args, **kwargs)
           ^^^^^^^^^^^^^^^^^^^^^
  File "C:\Users\rifqy\AppData\Local\Programs\Python\Python311\Lib\site-packages\sklearn\metrics\_ranking.py", line 634, in roc_auc_score
    return _multiclass_roc_auc_score(
           ^^^^^^^^^^^^^^^^^^^^^^^^^^
  File "C:\Users\rifqy\AppData\Local\Programs\Python\Python311\Lib\site-packages\sklearn\metrics\_ranking.py", line 707, in _multiclass_roc_auc_score
    raise ValueError(
ValueError: Target scores need to be probabilities for multiclass roc_auc, i.e. they should sum up to 1.0 over classes

  warnings.warn(

2026-09-16 22:59:29,835:WARNING:C:\Users\rifqy\AppData\Local\Programs\Python\Python311\Lib\site-packages\pycaret\internal\metrics.py:204: FitFailedWarning: Metric 'make_scorer(roc_auc_score, response_method=('decision_function', 'predict_proba'), average=weighted, multi_class=ovr)' failed and error score 0.0 has been returned instead. If this is a custom metric, this usually means that the error is in the metric code. Full exception below:
Traceback (most recent call last):
  File "C:\Users\rifqy\AppData\Local\Programs\Python\Python311\Lib\site-packages\pycaret\internal\metrics.py", line 196, in _score
    return super()._score(
           ^^^^^^^^^^^^^^^
  File "C:\Users\rifqy\AppData\Local\Programs\Python\Python311\Lib\site-packages\sklearn\metrics\_scorer.py", line 350, in _score
    return self._sign * self._score_func(y_true, y_pred, **scoring_kwargs)
                        ^^^^^^^^^^^^^^^^^^^^^^^^^^^^^^^^^^^^^^^^^^^^^^^^^^
  File "C:\Users\rifqy\AppData\Local\Programs\Python\Python311\Lib\site-packages\pycaret\internal\metrics.py", line 144, in __call__
    return self.score_func(y_true, y_pred, **kwargs)
           ^^^^^^^^^^^^^^^^^^^^^^^^^^^^^^^^^^^^^^^^^
  File "C:\Users\rifqy\AppData\Local\Programs\Python\Python311\Lib\site-packages\sklearn\utils\_param_validation.py", line 213, in wrapper
    return func(*args, **kwargs)
           ^^^^^^^^^^^^^^^^^^^^^
  File "C:\Users\rifqy\AppData\Local\Programs\Python\Python311\Lib\site-packages\sklearn\metrics\_ranking.py", line 634, in roc_auc_score
    return _multiclass_roc_auc_score(
           ^^^^^^^^^^^^^^^^^^^^^^^^^^
  File "C:\Users\rifqy\AppData\Local\Programs\Python\Python311\Lib\site-packages\sklearn\metrics\_ranking.py", line 707, in _multiclass_roc_auc_score
    raise ValueError(
ValueError: Target scores need to be probabilities for multiclass roc_auc, i.e. they should sum up to 1.0 over classes

  warnings.warn(

2026-09-16 22:59:29,838:WARNING:C:\Users\rifqy\AppData\Local\Programs\Python\Python311\Lib\site-packages\pycaret\internal\metrics.py:204: FitFailedWarning: Metric 'make_scorer(roc_auc_score, response_method=('decision_function', 'predict_proba'), average=weighted, multi_class=ovr)' failed and error score 0.0 has been returned instead. If this is a custom metric, this usually means that the error is in the metric code. Full exception below:
Traceback (most recent call last):
  File "C:\Users\rifqy\AppData\Local\Programs\Python\Python311\Lib\site-packages\pycaret\internal\metrics.py", line 196, in _score
    return super()._score(
           ^^^^^^^^^^^^^^^
  File "C:\Users\rifqy\AppData\Local\Programs\Python\Python311\Lib\site-packages\sklearn\metrics\_scorer.py", line 350, in _score
    return self._sign * self._score_func(y_true, y_pred, **scoring_kwargs)
                        ^^^^^^^^^^^^^^^^^^^^^^^^^^^^^^^^^^^^^^^^^^^^^^^^^^
  File "C:\Users\rifqy\AppData\Local\Programs\Python\Python311\Lib\site-packages\pycaret\internal\metrics.py", line 144, in __call__
    return self.score_func(y_true, y_pred, **kwargs)
           ^^^^^^^^^^^^^^^^^^^^^^^^^^^^^^^^^^^^^^^^^
  File "C:\Users\rifqy\AppData\Local\Programs\Python\Python311\Lib\site-packages\sklearn\utils\_param_validation.py", line 213, in wrapper
    return func(*args, **kwargs)
           ^^^^^^^^^^^^^^^^^^^^^
  File "C:\Users\rifqy\AppData\Local\Programs\Python\Python311\Lib\site-packages\sklearn\metrics\_ranking.py", line 634, in roc_auc_score
    return _multiclass_roc_auc_score(
           ^^^^^^^^^^^^^^^^^^^^^^^^^^
  File "C:\Users\rifqy\AppData\Local\Programs\Python\Python311\Lib\site-packages\sklearn\metrics\_ranking.py", line 707, in _multiclass_roc_auc_score
    raise ValueError(
ValueError: Target scores need to be probabilities for multiclass roc_auc, i.e. they should sum up to 1.0 over classes

  warnings.warn(

2026-09-16 22:59:29,842:WARNING:C:\Users\rifqy\AppData\Local\Programs\Python\Python311\Lib\site-packages\pycaret\internal\metrics.py:204: FitFailedWarning: Metric 'make_scorer(roc_auc_score, response_method=('decision_function', 'predict_proba'), average=weighted, multi_class=ovr)' failed and error score 0.0 has been returned instead. If this is a custom metric, this usually means that the error is in the metric code. Full exception below:
Traceback (most recent call last):
  File "C:\Users\rifqy\AppData\Local\Programs\Python\Python311\Lib\site-packages\pycaret\internal\metrics.py", line 196, in _score
    return super()._score(
           ^^^^^^^^^^^^^^^
  File "C:\Users\rifqy\AppData\Local\Programs\Python\Python311\Lib\site-packages\sklearn\metrics\_scorer.py", line 350, in _score
    return self._sign * self._score_func(y_true, y_pred, **scoring_kwargs)
                        ^^^^^^^^^^^^^^^^^^^^^^^^^^^^^^^^^^^^^^^^^^^^^^^^^^
  File "C:\Users\rifqy\AppData\Local\Programs\Python\Python311\Lib\site-packages\pycaret\internal\metrics.py", line 144, in __call__
    return self.score_func(y_true, y_pred, **kwargs)
           ^^^^^^^^^^^^^^^^^^^^^^^^^^^^^^^^^^^^^^^^^
  File "C:\Users\rifqy\AppData\Local\Programs\Python\Python311\Lib\site-packages\sklearn\utils\_param_validation.py", line 213, in wrapper
    return func(*args, **kwargs)
           ^^^^^^^^^^^^^^^^^^^^^
  File "C:\Users\rifqy\AppData\Local\Programs\Python\Python311\Lib\site-packages\sklearn\metrics\_ranking.py", line 634, in roc_auc_score
    return _multiclass_roc_auc_score(
           ^^^^^^^^^^^^^^^^^^^^^^^^^^
  File "C:\Users\rifqy\AppData\Local\Programs\Python\Python311\Lib\site-packages\sklearn\metrics\_ranking.py", line 707, in _multiclass_roc_auc_score
    raise ValueError(
ValueError: Target scores need to be probabilities for multiclass roc_auc, i.e. they should sum up to 1.0 over classes

  warnings.warn(

2026-09-16 22:59:29,845:WARNING:C:\Users\rifqy\AppData\Local\Programs\Python\Python311\Lib\site-packages\pycaret\internal\metrics.py:204: FitFailedWarning: Metric 'make_scorer(roc_auc_score, response_method=('decision_function', 'predict_proba'), average=weighted, multi_class=ovr)' failed and error score 0.0 has been returned instead. If this is a custom metric, this usually means that the error is in the metric code. Full exception below:
Traceback (most recent call last):
  File "C:\Users\rifqy\AppData\Local\Programs\Python\Python311\Lib\site-packages\pycaret\internal\metrics.py", line 196, in _score
    return super()._score(
           ^^^^^^^^^^^^^^^
  File "C:\Users\rifqy\AppData\Local\Programs\Python\Python311\Lib\site-packages\sklearn\metrics\_scorer.py", line 350, in _score
    return self._sign * self._score_func(y_true, y_pred, **scoring_kwargs)
                        ^^^^^^^^^^^^^^^^^^^^^^^^^^^^^^^^^^^^^^^^^^^^^^^^^^
  File "C:\Users\rifqy\AppData\Local\Programs\Python\Python311\Lib\site-packages\pycaret\internal\metrics.py", line 144, in __call__
    return self.score_func(y_true, y_pred, **kwargs)
           ^^^^^^^^^^^^^^^^^^^^^^^^^^^^^^^^^^^^^^^^^
  File "C:\Users\rifqy\AppData\Local\Programs\Python\Python311\Lib\site-packages\sklearn\utils\_param_validation.py", line 213, in wrapper
    return func(*args, **kwargs)
           ^^^^^^^^^^^^^^^^^^^^^
  File "C:\Users\rifqy\AppData\Local\Programs\Python\Python311\Lib\site-packages\sklearn\metrics\_ranking.py", line 634, in roc_auc_score
    return _multiclass_roc_auc_score(
           ^^^^^^^^^^^^^^^^^^^^^^^^^^
  File "C:\Users\rifqy\AppData\Local\Programs\Python\Python311\Lib\site-packages\sklearn\metrics\_ranking.py", line 707, in _multiclass_roc_auc_score
    raise ValueError(
ValueError: Target scores need to be probabilities for multiclass roc_auc, i.e. they should sum up to 1.0 over classes

  warnings.warn(

2026-09-16 22:59:29,867:INFO:Calculating mean and std
2026-09-16 22:59:29,869:INFO:Creating metrics dataframe
2026-09-16 22:59:29,874:INFO:Uploading results into container
2026-09-16 22:59:29,876:INFO:Uploading model into container now
2026-09-16 22:59:29,877:INFO:_master_model_container: 11
2026-09-16 22:59:29,877:INFO:_display_container: 2
2026-09-16 22:59:29,878:INFO:LinearDiscriminantAnalysis(covariance_estimator=None, n_components=None,
                           priors=None, shrinkage=None, solver='svd',
                           store_covariance=False, tol=0.0001)
2026-09-16 22:59:29,878:INFO:create_model() successfully completed......................................
2026-09-16 22:59:30,012:INFO:SubProcess create_model() end ==================================
2026-09-16 22:59:30,013:INFO:Creating metrics dataframe
2026-09-16 22:59:30,022:INFO:Initializing Extra Trees Classifier
2026-09-16 22:59:30,022:INFO:Total runtime is 0.24191751082738241 minutes
2026-09-16 22:59:30,023:INFO:SubProcess create_model() called ==================================
2026-09-16 22:59:30,023:INFO:Initializing create_model()
2026-09-16 22:59:30,023:INFO:create_model(self=<pycaret.classification.oop.ClassificationExperiment object at 0x000002EB3066AC10>, estimator=et, fold=StratifiedKFold(n_splits=10, random_state=None, shuffle=False), round=4, cross_validation=True, predict=True, fit_kwargs={}, groups=None, refit=False, probability_threshold=None, experiment_custom_tags=None, verbose=False, system=False, add_to_model_list=True, metrics=None, display=<pycaret.internal.display.display.CommonDisplay object at 0x000002EB304B93D0>, model_only=True, return_train_score=False, error_score=0.0, kwargs={})
2026-09-16 22:59:30,023:INFO:Checking exceptions
2026-09-16 22:59:30,024:INFO:Importing libraries
2026-09-16 22:59:30,024:INFO:Copying training dataset
2026-09-16 22:59:30,035:INFO:Defining folds
2026-09-16 22:59:30,035:INFO:Declaring metric variables
2026-09-16 22:59:30,036:INFO:Importing untrained model
2026-09-16 22:59:30,037:INFO:Extra Trees Classifier Imported successfully
2026-09-16 22:59:30,038:INFO:Starting cross validation
2026-09-16 22:59:30,040:INFO:Cross validating with StratifiedKFold(n_splits=10, random_state=None, shuffle=False), n_jobs=-1
2026-09-16 22:59:30,510:INFO:Calculating mean and std
2026-09-16 22:59:30,511:INFO:Creating metrics dataframe
2026-09-16 22:59:30,515:INFO:Uploading results into container
2026-09-16 22:59:30,516:INFO:Uploading model into container now
2026-09-16 22:59:30,516:INFO:_master_model_container: 12
2026-09-16 22:59:30,516:INFO:_display_container: 2
2026-09-16 22:59:30,517:INFO:ExtraTreesClassifier(bootstrap=False, ccp_alpha=0.0, class_weight=None,
                     criterion='gini', max_depth=None, max_features='sqrt',
                     max_leaf_nodes=None, max_samples=None,
                     min_impurity_decrease=0.0, min_samples_leaf=1,
                     min_samples_split=2, min_weight_fraction_leaf=0.0,
                     monotonic_cst=None, n_estimators=100, n_jobs=-1,
                     oob_score=False, random_state=123, verbose=0,
                     warm_start=False)
2026-09-16 22:59:30,517:INFO:create_model() successfully completed......................................
2026-09-16 22:59:30,606:INFO:SubProcess create_model() end ==================================
2026-09-16 22:59:30,606:INFO:Creating metrics dataframe
2026-09-16 22:59:30,611:INFO:Initializing Light Gradient Boosting Machine
2026-09-16 22:59:30,611:INFO:Total runtime is 0.2517474214235942 minutes
2026-09-16 22:59:30,611:INFO:SubProcess create_model() called ==================================
2026-09-16 22:59:30,612:INFO:Initializing create_model()
2026-09-16 22:59:30,612:INFO:create_model(self=<pycaret.classification.oop.ClassificationExperiment object at 0x000002EB3066AC10>, estimator=lightgbm, fold=StratifiedKFold(n_splits=10, random_state=None, shuffle=False), round=4, cross_validation=True, predict=True, fit_kwargs={}, groups=None, refit=False, probability_threshold=None, experiment_custom_tags=None, verbose=False, system=False, add_to_model_list=True, metrics=None, display=<pycaret.internal.display.display.CommonDisplay object at 0x000002EB304B93D0>, model_only=True, return_train_score=False, error_score=0.0, kwargs={})
2026-09-16 22:59:30,612:INFO:Checking exceptions
2026-09-16 22:59:30,612:INFO:Importing libraries
2026-09-16 22:59:30,612:INFO:Copying training dataset
2026-09-16 22:59:30,618:INFO:Defining folds
2026-09-16 22:59:30,618:INFO:Declaring metric variables
2026-09-16 22:59:30,618:INFO:Importing untrained model
2026-09-16 22:59:30,620:INFO:Light Gradient Boosting Machine Imported successfully
2026-09-16 22:59:30,620:INFO:Starting cross validation
2026-09-16 22:59:30,622:INFO:Cross validating with StratifiedKFold(n_splits=10, random_state=None, shuffle=False), n_jobs=-1
2026-09-16 22:59:30,867:WARNING:create_model() for lightgbm raised an exception or returned all 0.0, trying without fit_kwargs:
2026-09-16 22:59:30,873:WARNING:Traceback (most recent call last):
  File "C:\Users\rifqy\AppData\Local\Programs\Python\Python311\Lib\site-packages\pycaret\internal\pycaret_experiment\supervised_experiment.py", line 794, in compare_models
    model, model_fit_time = self._create_model(**create_model_args)
                            ^^^^^^^^^^^^^^^^^^^^^^^^^^^^^^^^^^^^^^^
  File "C:\Users\rifqy\AppData\Local\Programs\Python\Python311\Lib\site-packages\pycaret\internal\pycaret_experiment\supervised_experiment.py", line 1533, in _create_model
    model, model_fit_time, model_results, _ = self._create_model_with_cv(
                                              ^^^^^^^^^^^^^^^^^^^^^^^^^^^
  File "C:\Users\rifqy\AppData\Local\Programs\Python\Python311\Lib\site-packages\pycaret\internal\pycaret_experiment\supervised_experiment.py", line 1126, in _create_model_with_cv
    scores = cross_validate(
             ^^^^^^^^^^^^^^^
  File "C:\Users\rifqy\AppData\Local\Programs\Python\Python311\Lib\site-packages\sklearn\utils\_param_validation.py", line 213, in wrapper
    return func(*args, **kwargs)
           ^^^^^^^^^^^^^^^^^^^^^
  File "C:\Users\rifqy\AppData\Local\Programs\Python\Python311\Lib\site-packages\sklearn\model_selection\_validation.py", line 450, in cross_validate
    _warn_or_raise_about_fit_failures(results, error_score)
  File "C:\Users\rifqy\AppData\Local\Programs\Python\Python311\Lib\site-packages\sklearn\model_selection\_validation.py", line 536, in _warn_or_raise_about_fit_failures
    raise ValueError(all_fits_failed_message)
ValueError: 
All the 10 fits failed.
It is very likely that your model is misconfigured.
You can try to debug the error by setting error_score='raise'.

Below are more details about the failures:
--------------------------------------------------------------------------------
10 fits failed with the following error:
Traceback (most recent call last):
  File "C:\Users\rifqy\AppData\Local\Programs\Python\Python311\Lib\site-packages\sklearn\model_selection\_validation.py", line 895, in _fit_and_score
    estimator.fit(X_train, y_train, **fit_params)
  File "C:\Users\rifqy\AppData\Local\Programs\Python\Python311\Lib\site-packages\pycaret\internal\pipeline.py", line 278, in fit
    fitted_estimator = self._memory_fit(
                       ^^^^^^^^^^^^^^^^^
  File "C:\Users\rifqy\AppData\Local\Programs\Python\Python311\Lib\site-packages\joblib\memory.py", line 353, in __call__
    return self.func(*args, **kwargs)
           ^^^^^^^^^^^^^^^^^^^^^^^^^^
  File "C:\Users\rifqy\AppData\Local\Programs\Python\Python311\Lib\site-packages\pycaret\internal\pipeline.py", line 69, in _fit_one
    transformer.fit(*args)
  File "C:\Users\rifqy\AppData\Local\Programs\Python\Python311\Lib\site-packages\lightgbm\sklearn.py", line 1704, in fit
    super().fit(
  File "C:\Users\rifqy\AppData\Local\Programs\Python\Python311\Lib\site-packages\lightgbm\sklearn.py", line 1171, in fit
    self._Booster = train(
                    ^^^^^^
  File "C:\Users\rifqy\AppData\Local\Programs\Python\Python311\Lib\site-packages\lightgbm\engine.py", line 296, in train
    booster = Booster(params=params, train_set=train_set)
              ^^^^^^^^^^^^^^^^^^^^^^^^^^^^^^^^^^^^^^^^^^^
  File "C:\Users\rifqy\AppData\Local\Programs\Python\Python311\Lib\site-packages\lightgbm\basic.py", line 3758, in __init__
    train_set.construct()
  File "C:\Users\rifqy\AppData\Local\Programs\Python\Python311\Lib\site-packages\lightgbm\basic.py", line 2574, in construct
    self._lazy_init(
  File "C:\Users\rifqy\AppData\Local\Programs\Python\Python311\Lib\site-packages\lightgbm\basic.py", line 2189, in _lazy_init
    self.set_label(label)
  File "C:\Users\rifqy\AppData\Local\Programs\Python\Python311\Lib\site-packages\lightgbm\basic.py", line 3097, in set_label
    self.set_field("label", label_array)
  File "C:\Users\rifqy\AppData\Local\Programs\Python\Python311\Lib\site-packages\lightgbm\basic.py", line 2860, in set_field
    _LIB.LGBM_DatasetSetField(
OSError: exception: access violation reading 0x0000000000000000


2026-09-16 22:59:30,873:INFO:Initializing create_model()
2026-09-16 22:59:30,873:INFO:create_model(self=<pycaret.classification.oop.ClassificationExperiment object at 0x000002EB3066AC10>, estimator=lightgbm, fold=StratifiedKFold(n_splits=10, random_state=None, shuffle=False), round=4, cross_validation=True, predict=True, fit_kwargs={}, groups=None, refit=False, probability_threshold=None, experiment_custom_tags=None, verbose=False, system=False, add_to_model_list=True, metrics=None, display=<pycaret.internal.display.display.CommonDisplay object at 0x000002EB304B93D0>, model_only=True, return_train_score=False, error_score=0.0, kwargs={})
2026-09-16 22:59:30,873:INFO:Checking exceptions
2026-09-16 22:59:30,874:INFO:Importing libraries
2026-09-16 22:59:30,874:INFO:Copying training dataset
2026-09-16 22:59:30,880:INFO:Defining folds
2026-09-16 22:59:30,881:INFO:Declaring metric variables
2026-09-16 22:59:30,881:INFO:Importing untrained model
2026-09-16 22:59:30,882:INFO:Light Gradient Boosting Machine Imported successfully
2026-09-16 22:59:30,883:INFO:Starting cross validation
2026-09-16 22:59:30,884:INFO:Cross validating with StratifiedKFold(n_splits=10, random_state=None, shuffle=False), n_jobs=-1
2026-09-16 22:59:31,062:ERROR:create_model() for lightgbm raised an exception or returned all 0.0:
2026-09-16 22:59:31,069:ERROR:Traceback (most recent call last):
  File "C:\Users\rifqy\AppData\Local\Programs\Python\Python311\Lib\site-packages\pycaret\internal\pycaret_experiment\supervised_experiment.py", line 794, in compare_models
    model, model_fit_time = self._create_model(**create_model_args)
                            ^^^^^^^^^^^^^^^^^^^^^^^^^^^^^^^^^^^^^^^
  File "C:\Users\rifqy\AppData\Local\Programs\Python\Python311\Lib\site-packages\pycaret\internal\pycaret_experiment\supervised_experiment.py", line 1533, in _create_model
    model, model_fit_time, model_results, _ = self._create_model_with_cv(
                                              ^^^^^^^^^^^^^^^^^^^^^^^^^^^
  File "C:\Users\rifqy\AppData\Local\Programs\Python\Python311\Lib\site-packages\pycaret\internal\pycaret_experiment\supervised_experiment.py", line 1126, in _create_model_with_cv
    scores = cross_validate(
             ^^^^^^^^^^^^^^^
  File "C:\Users\rifqy\AppData\Local\Programs\Python\Python311\Lib\site-packages\sklearn\utils\_param_validation.py", line 213, in wrapper
    return func(*args, **kwargs)
           ^^^^^^^^^^^^^^^^^^^^^
  File "C:\Users\rifqy\AppData\Local\Programs\Python\Python311\Lib\site-packages\sklearn\model_selection\_validation.py", line 450, in cross_validate
    _warn_or_raise_about_fit_failures(results, error_score)
  File "C:\Users\rifqy\AppData\Local\Programs\Python\Python311\Lib\site-packages\sklearn\model_selection\_validation.py", line 536, in _warn_or_raise_about_fit_failures
    raise ValueError(all_fits_failed_message)
ValueError: 
All the 10 fits failed.
It is very likely that your model is misconfigured.
You can try to debug the error by setting error_score='raise'.

Below are more details about the failures:
--------------------------------------------------------------------------------
10 fits failed with the following error:
Traceback (most recent call last):
  File "C:\Users\rifqy\AppData\Local\Programs\Python\Python311\Lib\site-packages\sklearn\model_selection\_validation.py", line 895, in _fit_and_score
    estimator.fit(X_train, y_train, **fit_params)
  File "C:\Users\rifqy\AppData\Local\Programs\Python\Python311\Lib\site-packages\pycaret\internal\pipeline.py", line 278, in fit
    fitted_estimator = self._memory_fit(
                       ^^^^^^^^^^^^^^^^^
  File "C:\Users\rifqy\AppData\Local\Programs\Python\Python311\Lib\site-packages\joblib\memory.py", line 353, in __call__
    return self.func(*args, **kwargs)
           ^^^^^^^^^^^^^^^^^^^^^^^^^^
  File "C:\Users\rifqy\AppData\Local\Programs\Python\Python311\Lib\site-packages\pycaret\internal\pipeline.py", line 69, in _fit_one
    transformer.fit(*args)
  File "C:\Users\rifqy\AppData\Local\Programs\Python\Python311\Lib\site-packages\lightgbm\sklearn.py", line 1704, in fit
    super().fit(
  File "C:\Users\rifqy\AppData\Local\Programs\Python\Python311\Lib\site-packages\lightgbm\sklearn.py", line 1171, in fit
    self._Booster = train(
                    ^^^^^^
  File "C:\Users\rifqy\AppData\Local\Programs\Python\Python311\Lib\site-packages\lightgbm\engine.py", line 296, in train
    booster = Booster(params=params, train_set=train_set)
              ^^^^^^^^^^^^^^^^^^^^^^^^^^^^^^^^^^^^^^^^^^^
  File "C:\Users\rifqy\AppData\Local\Programs\Python\Python311\Lib\site-packages\lightgbm\basic.py", line 3758, in __init__
    train_set.construct()
  File "C:\Users\rifqy\AppData\Local\Programs\Python\Python311\Lib\site-packages\lightgbm\basic.py", line 2574, in construct
    self._lazy_init(
  File "C:\Users\rifqy\AppData\Local\Programs\Python\Python311\Lib\site-packages\lightgbm\basic.py", line 2189, in _lazy_init
    self.set_label(label)
  File "C:\Users\rifqy\AppData\Local\Programs\Python\Python311\Lib\site-packages\lightgbm\basic.py", line 3097, in set_label
    self.set_field("label", label_array)
  File "C:\Users\rifqy\AppData\Local\Programs\Python\Python311\Lib\site-packages\lightgbm\basic.py", line 2860, in set_field
    _LIB.LGBM_DatasetSetField(
OSError: exception: access violation reading 0x0000000000000000


During handling of the above exception, another exception occurred:

Traceback (most recent call last):
  File "C:\Users\rifqy\AppData\Local\Programs\Python\Python311\Lib\site-packages\pycaret\internal\pycaret_experiment\supervised_experiment.py", line 815, in compare_models
    model, model_fit_time = self._create_model(**create_model_args)
                            ^^^^^^^^^^^^^^^^^^^^^^^^^^^^^^^^^^^^^^^
  File "C:\Users\rifqy\AppData\Local\Programs\Python\Python311\Lib\site-packages\pycaret\internal\pycaret_experiment\supervised_experiment.py", line 1533, in _create_model
    model, model_fit_time, model_results, _ = self._create_model_with_cv(
                                              ^^^^^^^^^^^^^^^^^^^^^^^^^^^
  File "C:\Users\rifqy\AppData\Local\Programs\Python\Python311\Lib\site-packages\pycaret\internal\pycaret_experiment\supervised_experiment.py", line 1126, in _create_model_with_cv
    scores = cross_validate(
             ^^^^^^^^^^^^^^^
  File "C:\Users\rifqy\AppData\Local\Programs\Python\Python311\Lib\site-packages\sklearn\utils\_param_validation.py", line 213, in wrapper
    return func(*args, **kwargs)
           ^^^^^^^^^^^^^^^^^^^^^
  File "C:\Users\rifqy\AppData\Local\Programs\Python\Python311\Lib\site-packages\sklearn\model_selection\_validation.py", line 450, in cross_validate
    _warn_or_raise_about_fit_failures(results, error_score)
  File "C:\Users\rifqy\AppData\Local\Programs\Python\Python311\Lib\site-packages\sklearn\model_selection\_validation.py", line 536, in _warn_or_raise_about_fit_failures
    raise ValueError(all_fits_failed_message)
ValueError: 
All the 10 fits failed.
It is very likely that your model is misconfigured.
You can try to debug the error by setting error_score='raise'.

Below are more details about the failures:
--------------------------------------------------------------------------------
10 fits failed with the following error:
Traceback (most recent call last):
  File "C:\Users\rifqy\AppData\Local\Programs\Python\Python311\Lib\site-packages\sklearn\model_selection\_validation.py", line 895, in _fit_and_score
    estimator.fit(X_train, y_train, **fit_params)
  File "C:\Users\rifqy\AppData\Local\Programs\Python\Python311\Lib\site-packages\pycaret\internal\pipeline.py", line 278, in fit
    fitted_estimator = self._memory_fit(
                       ^^^^^^^^^^^^^^^^^
  File "C:\Users\rifqy\AppData\Local\Programs\Python\Python311\Lib\site-packages\joblib\memory.py", line 353, in __call__
    return self.func(*args, **kwargs)
           ^^^^^^^^^^^^^^^^^^^^^^^^^^
  File "C:\Users\rifqy\AppData\Local\Programs\Python\Python311\Lib\site-packages\pycaret\internal\pipeline.py", line 69, in _fit_one
    transformer.fit(*args)
  File "C:\Users\rifqy\AppData\Local\Programs\Python\Python311\Lib\site-packages\lightgbm\sklearn.py", line 1704, in fit
    super().fit(
  File "C:\Users\rifqy\AppData\Local\Programs\Python\Python311\Lib\site-packages\lightgbm\sklearn.py", line 1171, in fit
    self._Booster = train(
                    ^^^^^^
  File "C:\Users\rifqy\AppData\Local\Programs\Python\Python311\Lib\site-packages\lightgbm\engine.py", line 296, in train
    booster = Booster(params=params, train_set=train_set)
              ^^^^^^^^^^^^^^^^^^^^^^^^^^^^^^^^^^^^^^^^^^^
  File "C:\Users\rifqy\AppData\Local\Programs\Python\Python311\Lib\site-packages\lightgbm\basic.py", line 3758, in __init__
    train_set.construct()
  File "C:\Users\rifqy\AppData\Local\Programs\Python\Python311\Lib\site-packages\lightgbm\basic.py", line 2574, in construct
    self._lazy_init(
  File "C:\Users\rifqy\AppData\Local\Programs\Python\Python311\Lib\site-packages\lightgbm\basic.py", line 2189, in _lazy_init
    self.set_label(label)
  File "C:\Users\rifqy\AppData\Local\Programs\Python\Python311\Lib\site-packages\lightgbm\basic.py", line 3097, in set_label
    self.set_field("label", label_array)
  File "C:\Users\rifqy\AppData\Local\Programs\Python\Python311\Lib\site-packages\lightgbm\basic.py", line 2860, in set_field
    _LIB.LGBM_DatasetSetField(
OSError: exception: access violation reading 0x0000000000000000


2026-09-16 22:59:31,069:INFO:Initializing Dummy Classifier
2026-09-16 22:59:31,070:INFO:Total runtime is 0.25939639012018845 minutes
2026-09-16 22:59:31,070:INFO:SubProcess create_model() called ==================================
2026-09-16 22:59:31,071:INFO:Initializing create_model()
2026-09-16 22:59:31,071:INFO:create_model(self=<pycaret.classification.oop.ClassificationExperiment object at 0x000002EB3066AC10>, estimator=dummy, fold=StratifiedKFold(n_splits=10, random_state=None, shuffle=False), round=4, cross_validation=True, predict=True, fit_kwargs={}, groups=None, refit=False, probability_threshold=None, experiment_custom_tags=None, verbose=False, system=False, add_to_model_list=True, metrics=None, display=<pycaret.internal.display.display.CommonDisplay object at 0x000002EB304B93D0>, model_only=True, return_train_score=False, error_score=0.0, kwargs={})
2026-09-16 22:59:31,071:INFO:Checking exceptions
2026-09-16 22:59:31,071:INFO:Importing libraries
2026-09-16 22:59:31,072:INFO:Copying training dataset
2026-09-16 22:59:31,080:INFO:Defining folds
2026-09-16 22:59:31,081:INFO:Declaring metric variables
2026-09-16 22:59:31,081:INFO:Importing untrained model
2026-09-16 22:59:31,082:INFO:Dummy Classifier Imported successfully
2026-09-16 22:59:31,082:INFO:Starting cross validation
2026-09-16 22:59:31,084:INFO:Cross validating with StratifiedKFold(n_splits=10, random_state=None, shuffle=False), n_jobs=-1
2026-09-16 22:59:31,172:WARNING:C:\Users\rifqy\AppData\Local\Programs\Python\Python311\Lib\site-packages\sklearn\metrics\_classification.py:1509: UndefinedMetricWarning: Precision is ill-defined and being set to 0.0 in labels with no predicted samples. Use `zero_division` parameter to control this behavior.
  _warn_prf(average, modifier, f"{metric.capitalize()} is", len(result))

2026-09-16 22:59:31,175:WARNING:C:\Users\rifqy\AppData\Local\Programs\Python\Python311\Lib\site-packages\sklearn\metrics\_classification.py:1509: UndefinedMetricWarning: Precision is ill-defined and being set to 0.0 in labels with no predicted samples. Use `zero_division` parameter to control this behavior.
  _warn_prf(average, modifier, f"{metric.capitalize()} is", len(result))

2026-09-16 22:59:31,191:WARNING:C:\Users\rifqy\AppData\Local\Programs\Python\Python311\Lib\site-packages\sklearn\metrics\_classification.py:1509: UndefinedMetricWarning: Precision is ill-defined and being set to 0.0 in labels with no predicted samples. Use `zero_division` parameter to control this behavior.
  _warn_prf(average, modifier, f"{metric.capitalize()} is", len(result))

2026-09-16 22:59:31,194:WARNING:C:\Users\rifqy\AppData\Local\Programs\Python\Python311\Lib\site-packages\sklearn\metrics\_classification.py:1509: UndefinedMetricWarning: Precision is ill-defined and being set to 0.0 in labels with no predicted samples. Use `zero_division` parameter to control this behavior.
  _warn_prf(average, modifier, f"{metric.capitalize()} is", len(result))

2026-09-16 22:59:31,196:WARNING:C:\Users\rifqy\AppData\Local\Programs\Python\Python311\Lib\site-packages\sklearn\metrics\_classification.py:1509: UndefinedMetricWarning: Precision is ill-defined and being set to 0.0 in labels with no predicted samples. Use `zero_division` parameter to control this behavior.
  _warn_prf(average, modifier, f"{metric.capitalize()} is", len(result))

2026-09-16 22:59:31,196:WARNING:C:\Users\rifqy\AppData\Local\Programs\Python\Python311\Lib\site-packages\sklearn\metrics\_classification.py:1509: UndefinedMetricWarning: Precision is ill-defined and being set to 0.0 in labels with no predicted samples. Use `zero_division` parameter to control this behavior.
  _warn_prf(average, modifier, f"{metric.capitalize()} is", len(result))

2026-09-16 22:59:31,200:WARNING:C:\Users\rifqy\AppData\Local\Programs\Python\Python311\Lib\site-packages\sklearn\metrics\_classification.py:1509: UndefinedMetricWarning: Precision is ill-defined and being set to 0.0 in labels with no predicted samples. Use `zero_division` parameter to control this behavior.
  _warn_prf(average, modifier, f"{metric.capitalize()} is", len(result))

2026-09-16 22:59:31,204:WARNING:C:\Users\rifqy\AppData\Local\Programs\Python\Python311\Lib\site-packages\sklearn\metrics\_classification.py:1509: UndefinedMetricWarning: Precision is ill-defined and being set to 0.0 in labels with no predicted samples. Use `zero_division` parameter to control this behavior.
  _warn_prf(average, modifier, f"{metric.capitalize()} is", len(result))

2026-09-16 22:59:31,218:WARNING:C:\Users\rifqy\AppData\Local\Programs\Python\Python311\Lib\site-packages\sklearn\metrics\_classification.py:1509: UndefinedMetricWarning: Precision is ill-defined and being set to 0.0 in labels with no predicted samples. Use `zero_division` parameter to control this behavior.
  _warn_prf(average, modifier, f"{metric.capitalize()} is", len(result))

2026-09-16 22:59:31,219:WARNING:C:\Users\rifqy\AppData\Local\Programs\Python\Python311\Lib\site-packages\sklearn\metrics\_classification.py:1509: UndefinedMetricWarning: Precision is ill-defined and being set to 0.0 in labels with no predicted samples. Use `zero_division` parameter to control this behavior.
  _warn_prf(average, modifier, f"{metric.capitalize()} is", len(result))

2026-09-16 22:59:31,235:INFO:Calculating mean and std
2026-09-16 22:59:31,236:INFO:Creating metrics dataframe
2026-09-16 22:59:31,238:INFO:Uploading results into container
2026-09-16 22:59:31,239:INFO:Uploading model into container now
2026-09-16 22:59:31,239:INFO:_master_model_container: 13
2026-09-16 22:59:31,239:INFO:_display_container: 2
2026-09-16 22:59:31,239:INFO:DummyClassifier(constant=None, random_state=123, strategy='prior')
2026-09-16 22:59:31,240:INFO:create_model() successfully completed......................................
2026-09-16 22:59:31,329:INFO:SubProcess create_model() end ==================================
2026-09-16 22:59:31,329:INFO:Creating metrics dataframe
2026-09-16 22:59:31,335:WARNING:C:\Users\rifqy\AppData\Local\Programs\Python\Python311\Lib\site-packages\pycaret\internal\pycaret_experiment\supervised_experiment.py:339: FutureWarning: Styler.applymap has been deprecated. Use Styler.map instead.
  .applymap(highlight_cols, subset=["TT (Sec)"])

2026-09-16 22:59:31,338:INFO:Initializing create_model()
2026-09-16 22:59:31,338:INFO:create_model(self=<pycaret.classification.oop.ClassificationExperiment object at 0x000002EB3066AC10>, estimator=LogisticRegression(C=1.0, class_weight=None, dual=False, fit_intercept=True,
                   intercept_scaling=1, l1_ratio=None, max_iter=1000,
                   multi_class='auto', n_jobs=None, penalty='l2',
                   random_state=123, solver='lbfgs', tol=0.0001, verbose=0,
                   warm_start=False), fold=StratifiedKFold(n_splits=10, random_state=None, shuffle=False), round=4, cross_validation=False, predict=False, fit_kwargs={}, groups=None, refit=True, probability_threshold=None, experiment_custom_tags=None, verbose=False, system=False, add_to_model_list=True, metrics=None, display=None, model_only=True, return_train_score=False, error_score=0.0, kwargs={})
2026-09-16 22:59:31,338:INFO:Checking exceptions
2026-09-16 22:59:31,339:INFO:Importing libraries
2026-09-16 22:59:31,339:INFO:Copying training dataset
2026-09-16 22:59:31,345:INFO:Defining folds
2026-09-16 22:59:31,345:INFO:Declaring metric variables
2026-09-16 22:59:31,346:INFO:Importing untrained model
2026-09-16 22:59:31,346:INFO:Declaring custom model
2026-09-16 22:59:31,347:INFO:Logistic Regression Imported successfully
2026-09-16 22:59:31,348:INFO:Cross validation set to False
2026-09-16 22:59:31,349:INFO:Fitting Model
2026-09-16 22:59:31,393:INFO:LogisticRegression(C=1.0, class_weight=None, dual=False, fit_intercept=True,
                   intercept_scaling=1, l1_ratio=None, max_iter=1000,
                   multi_class='auto', n_jobs=None, penalty='l2',
                   random_state=123, solver='lbfgs', tol=0.0001, verbose=0,
                   warm_start=False)
2026-09-16 22:59:31,393:INFO:create_model() successfully completed......................................
2026-09-16 22:59:31,523:INFO:_master_model_container: 13
2026-09-16 22:59:31,523:INFO:_display_container: 2
2026-09-16 22:59:31,525:INFO:LogisticRegression(C=1.0, class_weight=None, dual=False, fit_intercept=True,
                   intercept_scaling=1, l1_ratio=None, max_iter=1000,
                   multi_class='auto', n_jobs=None, penalty='l2',
                   random_state=123, solver='lbfgs', tol=0.0001, verbose=0,
                   warm_start=False)
2026-09-16 22:59:31,526:INFO:compare_models() successfully completed......................................
2026-09-16 23:31:07,947:WARNING:
'cuml' is a soft dependency and not included in the pycaret installation. Please run: `pip install cuml` to install.
2026-09-16 23:31:07,948:WARNING:
'cuml' is a soft dependency and not included in the pycaret installation. Please run: `pip install cuml` to install.
2026-09-16 23:31:07,948:WARNING:
'cuml' is a soft dependency and not included in the pycaret installation. Please run: `pip install cuml` to install.
2026-09-16 23:31:07,948:WARNING:
'cuml' is a soft dependency and not included in the pycaret installation. Please run: `pip install cuml` to install.
2026-09-16 23:31:08,925:INFO:PyCaret ClassificationExperiment
2026-09-16 23:31:08,926:INFO:Logging name: clf-default-name
2026-09-16 23:31:08,926:INFO:ML Usecase: MLUsecase.CLASSIFICATION
2026-09-16 23:31:08,926:INFO:version 3.3.2
2026-09-16 23:31:08,927:INFO:Initializing setup()
2026-09-16 23:31:08,927:INFO:self.USI: a04a
2026-09-16 23:31:08,928:INFO:self._variable_keys: {'y_train', 'html_param', 'USI', 'idx', 'logging_param', 'X_test', 'gpu_n_jobs_param', 'data', 'y_test', 'is_multiclass', 'y', 'log_plots_param', 'seed', 'target_param', '_ml_usecase', 'pipeline', 'X_train', '_available_plots', 'memory', 'gpu_param', 'fix_imbalance', 'fold_shuffle_param', 'X', 'fold_generator', 'exp_id', 'exp_name_log', 'fold_groups_param', 'n_jobs_param'}
2026-09-16 23:31:08,928:INFO:Checking environment
2026-09-16 23:31:08,928:INFO:python_version: 3.11.6
2026-09-16 23:31:08,929:INFO:python_build: ('tags/v3.11.6:8b6ee5b', 'Oct  2 2023 14:57:12')
2026-09-16 23:31:08,929:INFO:machine: AMD64
2026-09-16 23:31:08,940:INFO:platform: Windows-10-10.0.19045-SP0
2026-09-16 23:31:08,944:INFO:Memory: svmem(total=34157522944, available=20985745408, percent=38.6, used=13171777536, free=20985745408)
2026-09-16 23:31:08,944:INFO:Physical Core: 6
2026-09-16 23:31:08,945:INFO:Logical Core: 12
2026-09-16 23:31:08,945:INFO:Checking libraries
2026-09-16 23:31:08,945:INFO:System:
2026-09-16 23:31:08,945:INFO:    python: 3.11.6 (tags/v3.11.6:8b6ee5b, Oct  2 2023, 14:57:12) [MSC v.1935 64 bit (AMD64)]
2026-09-16 23:31:08,946:INFO:executable: C:\Users\rifqy\AppData\Local\Programs\Python\Python311\python.exe
2026-09-16 23:31:08,946:INFO:   machine: Windows-10-10.0.19045-SP0
2026-09-16 23:31:08,946:INFO:PyCaret required dependencies:
2026-09-16 23:31:08,975:INFO:                 pip: 23.2.1
2026-09-16 23:31:08,976:INFO:          setuptools: 65.5.0
2026-09-16 23:31:08,976:INFO:             pycaret: 3.3.2
2026-09-16 23:31:08,976:INFO:             IPython: 9.17.1
2026-09-16 23:31:08,976:INFO:          ipywidgets: 8.1.9
2026-09-16 23:31:08,977:INFO:                tqdm: 4.70.1
2026-09-16 23:31:08,977:INFO:               numpy: 1.26.4
2026-09-16 23:31:08,977:INFO:              pandas: 2.1.4
2026-09-16 23:31:08,977:INFO:              jinja2: 3.1.6
2026-09-16 23:31:08,978:INFO:               scipy: 1.11.4
2026-09-16 23:31:08,978:INFO:              joblib: 1.3.2
2026-09-16 23:31:08,978:INFO:             sklearn: 1.4.2
2026-09-16 23:31:08,978:INFO:                pyod: 3.4.0
2026-09-16 23:31:08,979:INFO:            imblearn: 0.14.2
2026-09-16 23:31:08,979:INFO:   category_encoders: 2.7.0
2026-09-16 23:31:08,979:INFO:            lightgbm: 4.7.0
2026-09-16 23:31:08,979:INFO:               numba: 0.67.0
2026-09-16 23:31:08,979:INFO:            requests: 2.34.2
2026-09-16 23:31:08,980:INFO:          matplotlib: 3.7.5
2026-09-16 23:31:08,980:INFO:          scikitplot: 0.3.7
2026-09-16 23:31:08,980:INFO:         yellowbrick: 1.5
2026-09-16 23:31:08,980:INFO:              plotly: 6.9.0
2026-09-16 23:31:08,981:INFO:    plotly-resampler: Not installed
2026-09-16 23:31:08,981:INFO:             kaleido: 1.4.0
2026-09-16 23:31:08,981:INFO:           schemdraw: 0.15
2026-09-16 23:31:08,981:INFO:         statsmodels: 0.15.0
2026-09-16 23:31:08,981:INFO:              sktime: 0.26.0
2026-09-16 23:31:08,981:INFO:               tbats: 1.1.3
2026-09-16 23:31:08,981:INFO:            pmdarima: 2.0.4
2026-09-16 23:31:08,981:INFO:              psutil: 7.2.2
2026-09-16 23:31:08,981:INFO:          markupsafe: 3.0.3
2026-09-16 23:31:08,981:INFO:             pickle5: Not installed
2026-09-16 23:31:08,981:INFO:         cloudpickle: 3.1.2
2026-09-16 23:31:08,981:INFO:         deprecation: 2.1.0
2026-09-16 23:31:08,981:INFO:              xxhash: 4.0.1
2026-09-16 23:31:08,981:INFO:           wurlitzer: Not installed
2026-09-16 23:31:08,981:INFO:PyCaret optional dependencies:
2026-09-16 23:31:08,993:INFO:                shap: Not installed
2026-09-16 23:31:08,994:INFO:           interpret: Not installed
2026-09-16 23:31:08,994:INFO:                umap: Not installed
2026-09-16 23:31:08,994:INFO:     ydata_profiling: Not installed
2026-09-16 23:31:08,994:INFO:  explainerdashboard: Not installed
2026-09-16 23:31:08,994:INFO:             autoviz: Not installed
2026-09-16 23:31:08,994:INFO:           fairlearn: Not installed
2026-09-16 23:31:08,994:INFO:          deepchecks: Not installed
2026-09-16 23:31:08,994:INFO:             xgboost: Not installed
2026-09-16 23:31:08,994:INFO:            catboost: Not installed
2026-09-16 23:31:08,994:INFO:              kmodes: Not installed
2026-09-16 23:31:08,994:INFO:             mlxtend: Not installed
2026-09-16 23:31:08,994:INFO:       statsforecast: Not installed
2026-09-16 23:31:08,994:INFO:        tune_sklearn: Not installed
2026-09-16 23:31:08,994:INFO:                 ray: Not installed
2026-09-16 23:31:08,995:INFO:            hyperopt: Not installed
2026-09-16 23:31:08,995:INFO:              optuna: Not installed
2026-09-16 23:31:08,995:INFO:               skopt: Not installed
2026-09-16 23:31:08,995:INFO:              mlflow: Not installed
2026-09-16 23:31:08,995:INFO:              gradio: Not installed
2026-09-16 23:31:08,995:INFO:             fastapi: Not installed
2026-09-16 23:31:08,995:INFO:             uvicorn: Not installed
2026-09-16 23:31:08,995:INFO:              m2cgen: Not installed
2026-09-16 23:31:08,995:INFO:           evidently: Not installed
2026-09-16 23:31:08,995:INFO:               fugue: Not installed
2026-09-16 23:31:08,995:INFO:           streamlit: Not installed
2026-09-16 23:31:08,995:INFO:             prophet: Not installed
2026-09-16 23:31:08,995:INFO:None
2026-09-16 23:31:08,995:INFO:Set up data.
2026-09-16 23:31:09,006:INFO:Set up folding strategy.
2026-09-16 23:31:09,006:INFO:Set up train/test split.
2026-09-16 23:31:09,014:INFO:Set up index.
2026-09-16 23:31:09,014:INFO:Assigning column types.
2026-09-16 23:31:09,023:INFO:Engine successfully changes for model 'lr' to 'sklearn'.
2026-09-16 23:31:09,086:INFO:Engine for model 'knn' has not been set explicitly, hence returning None.
2026-09-16 23:31:09,090:INFO:Engine for model 'rbfsvm' has not been set explicitly, hence returning None.
2026-09-16 23:31:09,136:WARNING:
'xgboost' is a soft dependency and not included in the pycaret installation. Please run: `pip install xgboost` to install.
Alternately, you can install this by running `pip install pycaret[models]`
2026-09-16 23:31:09,136:WARNING:
'catboost' is a soft dependency and not included in the pycaret installation. Please run: `pip install catboost` to install.
Alternately, you can install this by running `pip install pycaret[models]`
2026-09-16 23:31:09,198:INFO:Engine for model 'knn' has not been set explicitly, hence returning None.
2026-09-16 23:31:09,199:INFO:Engine for model 'rbfsvm' has not been set explicitly, hence returning None.
2026-09-16 23:31:09,238:WARNING:
'xgboost' is a soft dependency and not included in the pycaret installation. Please run: `pip install xgboost` to install.
Alternately, you can install this by running `pip install pycaret[models]`
2026-09-16 23:31:09,238:WARNING:
'catboost' is a soft dependency and not included in the pycaret installation. Please run: `pip install catboost` to install.
Alternately, you can install this by running `pip install pycaret[models]`
2026-09-16 23:31:09,239:INFO:Engine successfully changes for model 'knn' to 'sklearn'.
2026-09-16 23:31:09,302:INFO:Engine for model 'rbfsvm' has not been set explicitly, hence returning None.
2026-09-16 23:31:09,341:WARNING:
'xgboost' is a soft dependency and not included in the pycaret installation. Please run: `pip install xgboost` to install.
Alternately, you can install this by running `pip install pycaret[models]`
2026-09-16 23:31:09,341:WARNING:
'catboost' is a soft dependency and not included in the pycaret installation. Please run: `pip install catboost` to install.
Alternately, you can install this by running `pip install pycaret[models]`
2026-09-16 23:31:09,405:INFO:Engine for model 'rbfsvm' has not been set explicitly, hence returning None.
2026-09-16 23:31:09,443:WARNING:
'xgboost' is a soft dependency and not included in the pycaret installation. Please run: `pip install xgboost` to install.
Alternately, you can install this by running `pip install pycaret[models]`
2026-09-16 23:31:09,444:WARNING:
'catboost' is a soft dependency and not included in the pycaret installation. Please run: `pip install catboost` to install.
Alternately, you can install this by running `pip install pycaret[models]`
2026-09-16 23:31:09,444:INFO:Engine successfully changes for model 'rbfsvm' to 'sklearn'.
2026-09-16 23:31:09,565:WARNING:
'xgboost' is a soft dependency and not included in the pycaret installation. Please run: `pip install xgboost` to install.
Alternately, you can install this by running `pip install pycaret[models]`
2026-09-16 23:31:09,565:WARNING:
'catboost' is a soft dependency and not included in the pycaret installation. Please run: `pip install catboost` to install.
Alternately, you can install this by running `pip install pycaret[models]`
2026-09-16 23:31:09,667:WARNING:
'xgboost' is a soft dependency and not included in the pycaret installation. Please run: `pip install xgboost` to install.
Alternately, you can install this by running `pip install pycaret[models]`
2026-09-16 23:31:09,667:WARNING:
'catboost' is a soft dependency and not included in the pycaret installation. Please run: `pip install catboost` to install.
Alternately, you can install this by running `pip install pycaret[models]`
2026-09-16 23:31:09,670:INFO:Preparing preprocessing pipeline...
2026-09-16 23:31:09,671:INFO:Set up simple imputation.
2026-09-16 23:31:09,672:INFO:Set up column name cleaning.
2026-09-16 23:31:09,710:INFO:Finished creating preprocessing pipeline.
2026-09-16 23:31:09,717:INFO:Pipeline: Pipeline(memory=FastMemory(location=C:\Users\rifqy\AppData\Local\Temp\joblib),
         steps=[('numerical_imputer',
                 TransformerWrapper(exclude=None,
                                    include=['mean radius', 'mean texture',
                                             'mean perimeter', 'mean area',
                                             'mean smoothness',
                                             'mean compactness',
                                             'mean concavity',
                                             'mean concave points',
                                             'mean symmetry',
                                             'mean fractal dimension',
                                             'radius error', 'texture error',
                                             'perimeter e...
                ('categorical_imputer',
                 TransformerWrapper(exclude=None, include=[],
                                    transformer=SimpleImputer(add_indicator=False,
                                                              copy=True,
                                                              fill_value=None,
                                                              keep_empty_features=False,
                                                              missing_values=nan,
                                                              strategy='most_frequent'))),
                ('clean_column_names',
                 TransformerWrapper(exclude=None, include=None,
                                    transformer=CleanColumnNames(match='[\\]\\[\\,\\{\\}\\"\\:]+')))],
         verbose=False)
2026-09-16 23:31:09,717:INFO:Creating final display dataframe.
2026-09-16 23:31:09,845:INFO:Setup _display_container:                     Description             Value
0                    Session id              3546
1                        Target            Target
2                   Target type            Binary
3           Original data shape         (569, 31)
4        Transformed data shape         (569, 31)
5   Transformed train set shape         (398, 31)
6    Transformed test set shape         (171, 31)
7              Numeric features                30
8                    Preprocess              True
9               Imputation type            simple
10           Numeric imputation              mean
11       Categorical imputation              mode
12               Fold Generator   StratifiedKFold
13                  Fold Number                10
14                     CPU Jobs                -1
15                      Use GPU             False
16               Log Experiment             False
17              Experiment Name  clf-default-name
18                          USI              a04a
2026-09-16 23:31:09,982:WARNING:
'xgboost' is a soft dependency and not included in the pycaret installation. Please run: `pip install xgboost` to install.
Alternately, you can install this by running `pip install pycaret[models]`
2026-09-16 23:31:09,982:WARNING:
'catboost' is a soft dependency and not included in the pycaret installation. Please run: `pip install catboost` to install.
Alternately, you can install this by running `pip install pycaret[models]`
2026-09-16 23:31:10,084:WARNING:
'xgboost' is a soft dependency and not included in the pycaret installation. Please run: `pip install xgboost` to install.
Alternately, you can install this by running `pip install pycaret[models]`
2026-09-16 23:31:10,084:WARNING:
'catboost' is a soft dependency and not included in the pycaret installation. Please run: `pip install catboost` to install.
Alternately, you can install this by running `pip install pycaret[models]`
2026-09-16 23:31:10,086:INFO:setup() successfully completed in 1.16s...............
2026-09-16 23:31:10,086:INFO:Initializing compare_models()
2026-09-16 23:31:10,086:INFO:compare_models(self=<pycaret.classification.oop.ClassificationExperiment object at 0x00000277EA70BE90>, include=None, exclude=None, fold=None, round=4, cross_validation=True, sort=Accuracy, n_select=1, budget_time=None, turbo=True, errors=ignore, fit_kwargs=None, groups=None, experiment_custom_tags=None, probability_threshold=None, verbose=True, parallel=None, caller_params={'self': <pycaret.classification.oop.ClassificationExperiment object at 0x00000277EA70BE90>, 'include': None, 'exclude': None, 'fold': None, 'round': 4, 'cross_validation': True, 'sort': 'Accuracy', 'n_select': 1, 'budget_time': None, 'turbo': True, 'errors': 'ignore', 'fit_kwargs': None, 'groups': None, 'experiment_custom_tags': None, 'probability_threshold': None, 'engine': None, 'verbose': True, 'parallel': None, '__class__': <class 'pycaret.classification.oop.ClassificationExperiment'>})
2026-09-16 23:31:10,086:INFO:Checking exceptions
2026-09-16 23:31:10,093:INFO:Preparing display monitor
2026-09-16 23:31:10,097:INFO:Initializing Logistic Regression
2026-09-16 23:31:10,097:INFO:Total runtime is 0.0 minutes
2026-09-16 23:31:10,097:INFO:SubProcess create_model() called ==================================
2026-09-16 23:31:10,097:INFO:Initializing create_model()
2026-09-16 23:31:10,097:INFO:create_model(self=<pycaret.classification.oop.ClassificationExperiment object at 0x00000277EA70BE90>, estimator=lr, fold=StratifiedKFold(n_splits=10, random_state=None, shuffle=False), round=4, cross_validation=True, predict=True, fit_kwargs={}, groups=None, refit=False, probability_threshold=None, experiment_custom_tags=None, verbose=False, system=False, add_to_model_list=True, metrics=None, display=<pycaret.internal.display.display.CommonDisplay object at 0x00000277F1D95990>, model_only=True, return_train_score=False, error_score=0.0, kwargs={})
2026-09-16 23:31:10,097:INFO:Checking exceptions
2026-09-16 23:31:10,097:INFO:Importing libraries
2026-09-16 23:31:10,098:INFO:Copying training dataset
2026-09-16 23:31:10,106:INFO:Defining folds
2026-09-16 23:31:10,106:INFO:Declaring metric variables
2026-09-16 23:31:10,106:INFO:Importing untrained model
2026-09-16 23:31:10,107:INFO:Logistic Regression Imported successfully
2026-09-16 23:31:10,107:INFO:Starting cross validation
2026-09-16 23:31:10,108:INFO:Cross validating with StratifiedKFold(n_splits=10, random_state=None, shuffle=False), n_jobs=-1
2026-09-16 23:31:17,447:WARNING:C:\Users\rifqy\AppData\Local\Programs\Python\Python311\Lib\site-packages\sklearn\linear_model\_logistic.py:469: ConvergenceWarning: lbfgs failed to converge (status=1):
STOP: TOTAL NO. of ITERATIONS REACHED LIMIT.

Increase the number of iterations (max_iter) or scale the data as shown in:
    https://scikit-learn.org/stable/modules/preprocessing.html
Please also refer to the documentation for alternative solver options:
    https://scikit-learn.org/stable/modules/linear_model.html#logistic-regression
  n_iter_i = _check_optimize_result(

2026-09-16 23:31:17,447:WARNING:C:\Users\rifqy\AppData\Local\Programs\Python\Python311\Lib\site-packages\sklearn\linear_model\_logistic.py:469: ConvergenceWarning: lbfgs failed to converge (status=1):
STOP: TOTAL NO. of ITERATIONS REACHED LIMIT.

Increase the number of iterations (max_iter) or scale the data as shown in:
    https://scikit-learn.org/stable/modules/preprocessing.html
Please also refer to the documentation for alternative solver options:
    https://scikit-learn.org/stable/modules/linear_model.html#logistic-regression
  n_iter_i = _check_optimize_result(

2026-09-16 23:31:17,449:WARNING:C:\Users\rifqy\AppData\Local\Programs\Python\Python311\Lib\site-packages\sklearn\linear_model\_logistic.py:469: ConvergenceWarning: lbfgs failed to converge (status=1):
STOP: TOTAL NO. of ITERATIONS REACHED LIMIT.

Increase the number of iterations (max_iter) or scale the data as shown in:
    https://scikit-learn.org/stable/modules/preprocessing.html
Please also refer to the documentation for alternative solver options:
    https://scikit-learn.org/stable/modules/linear_model.html#logistic-regression
  n_iter_i = _check_optimize_result(

2026-09-16 23:31:17,469:WARNING:C:\Users\rifqy\AppData\Local\Programs\Python\Python311\Lib\site-packages\sklearn\linear_model\_logistic.py:469: ConvergenceWarning: lbfgs failed to converge (status=1):
STOP: TOTAL NO. of ITERATIONS REACHED LIMIT.

Increase the number of iterations (max_iter) or scale the data as shown in:
    https://scikit-learn.org/stable/modules/preprocessing.html
Please also refer to the documentation for alternative solver options:
    https://scikit-learn.org/stable/modules/linear_model.html#logistic-regression
  n_iter_i = _check_optimize_result(

2026-09-16 23:31:17,474:WARNING:C:\Users\rifqy\AppData\Local\Programs\Python\Python311\Lib\site-packages\sklearn\linear_model\_logistic.py:469: ConvergenceWarning: lbfgs failed to converge (status=1):
STOP: TOTAL NO. of ITERATIONS REACHED LIMIT.

Increase the number of iterations (max_iter) or scale the data as shown in:
    https://scikit-learn.org/stable/modules/preprocessing.html
Please also refer to the documentation for alternative solver options:
    https://scikit-learn.org/stable/modules/linear_model.html#logistic-regression
  n_iter_i = _check_optimize_result(

2026-09-16 23:31:17,489:WARNING:C:\Users\rifqy\AppData\Local\Programs\Python\Python311\Lib\site-packages\sklearn\linear_model\_logistic.py:469: ConvergenceWarning: lbfgs failed to converge (status=1):
STOP: TOTAL NO. of ITERATIONS REACHED LIMIT.

Increase the number of iterations (max_iter) or scale the data as shown in:
    https://scikit-learn.org/stable/modules/preprocessing.html
Please also refer to the documentation for alternative solver options:
    https://scikit-learn.org/stable/modules/linear_model.html#logistic-regression
  n_iter_i = _check_optimize_result(

2026-09-16 23:31:17,503:WARNING:C:\Users\rifqy\AppData\Local\Programs\Python\Python311\Lib\site-packages\sklearn\linear_model\_logistic.py:469: ConvergenceWarning: lbfgs failed to converge (status=1):
STOP: TOTAL NO. of ITERATIONS REACHED LIMIT.

Increase the number of iterations (max_iter) or scale the data as shown in:
    https://scikit-learn.org/stable/modules/preprocessing.html
Please also refer to the documentation for alternative solver options:
    https://scikit-learn.org/stable/modules/linear_model.html#logistic-regression
  n_iter_i = _check_optimize_result(

2026-09-16 23:31:17,507:WARNING:C:\Users\rifqy\AppData\Local\Programs\Python\Python311\Lib\site-packages\sklearn\linear_model\_logistic.py:469: ConvergenceWarning: lbfgs failed to converge (status=1):
STOP: TOTAL NO. of ITERATIONS REACHED LIMIT.

Increase the number of iterations (max_iter) or scale the data as shown in:
    https://scikit-learn.org/stable/modules/preprocessing.html
Please also refer to the documentation for alternative solver options:
    https://scikit-learn.org/stable/modules/linear_model.html#logistic-regression
  n_iter_i = _check_optimize_result(

2026-09-16 23:31:17,559:INFO:Calculating mean and std
2026-09-16 23:31:17,561:INFO:Creating metrics dataframe
2026-09-16 23:31:17,568:INFO:Uploading results into container
2026-09-16 23:31:17,570:INFO:Uploading model into container now
2026-09-16 23:31:17,571:INFO:_master_model_container: 1
2026-09-16 23:31:17,571:INFO:_display_container: 2
2026-09-16 23:31:17,573:INFO:LogisticRegression(C=1.0, class_weight=None, dual=False, fit_intercept=True,
                   intercept_scaling=1, l1_ratio=None, max_iter=1000,
                   multi_class='auto', n_jobs=None, penalty='l2',
                   random_state=3546, solver='lbfgs', tol=0.0001, verbose=0,
                   warm_start=False)
2026-09-16 23:31:17,574:INFO:create_model() successfully completed......................................
2026-09-16 23:31:17,735:INFO:SubProcess create_model() end ==================================
2026-09-16 23:31:17,735:INFO:Creating metrics dataframe
2026-09-16 23:31:17,738:INFO:Initializing K Neighbors Classifier
2026-09-16 23:31:17,738:INFO:Total runtime is 0.12735400199890137 minutes
2026-09-16 23:31:17,738:INFO:SubProcess create_model() called ==================================
2026-09-16 23:31:17,739:INFO:Initializing create_model()
2026-09-16 23:31:17,739:INFO:create_model(self=<pycaret.classification.oop.ClassificationExperiment object at 0x00000277EA70BE90>, estimator=knn, fold=StratifiedKFold(n_splits=10, random_state=None, shuffle=False), round=4, cross_validation=True, predict=True, fit_kwargs={}, groups=None, refit=False, probability_threshold=None, experiment_custom_tags=None, verbose=False, system=False, add_to_model_list=True, metrics=None, display=<pycaret.internal.display.display.CommonDisplay object at 0x00000277F1D95990>, model_only=True, return_train_score=False, error_score=0.0, kwargs={})
2026-09-16 23:31:17,739:INFO:Checking exceptions
2026-09-16 23:31:17,739:INFO:Importing libraries
2026-09-16 23:31:17,739:INFO:Copying training dataset
2026-09-16 23:31:17,748:INFO:Defining folds
2026-09-16 23:31:17,749:INFO:Declaring metric variables
2026-09-16 23:31:17,749:INFO:Importing untrained model
2026-09-16 23:31:17,750:INFO:K Neighbors Classifier Imported successfully
2026-09-16 23:31:17,750:INFO:Starting cross validation
2026-09-16 23:31:17,751:INFO:Cross validating with StratifiedKFold(n_splits=10, random_state=None, shuffle=False), n_jobs=-1
2026-09-16 23:31:21,699:INFO:Calculating mean and std
2026-09-16 23:31:21,700:INFO:Creating metrics dataframe
2026-09-16 23:31:21,703:INFO:Uploading results into container
2026-09-16 23:31:21,704:INFO:Uploading model into container now
2026-09-16 23:31:21,704:INFO:_master_model_container: 2
2026-09-16 23:31:21,704:INFO:_display_container: 2
2026-09-16 23:31:21,705:INFO:KNeighborsClassifier(algorithm='auto', leaf_size=30, metric='minkowski',
                     metric_params=None, n_jobs=-1, n_neighbors=5, p=2,
                     weights='uniform')
2026-09-16 23:31:21,705:INFO:create_model() successfully completed......................................
2026-09-16 23:31:21,781:INFO:SubProcess create_model() end ==================================
2026-09-16 23:31:21,781:INFO:Creating metrics dataframe
2026-09-16 23:31:21,784:INFO:Initializing Naive Bayes
2026-09-16 23:31:21,784:INFO:Total runtime is 0.19477993647257485 minutes
2026-09-16 23:31:21,784:INFO:SubProcess create_model() called ==================================
2026-09-16 23:31:21,785:INFO:Initializing create_model()
2026-09-16 23:31:21,785:INFO:create_model(self=<pycaret.classification.oop.ClassificationExperiment object at 0x00000277EA70BE90>, estimator=nb, fold=StratifiedKFold(n_splits=10, random_state=None, shuffle=False), round=4, cross_validation=True, predict=True, fit_kwargs={}, groups=None, refit=False, probability_threshold=None, experiment_custom_tags=None, verbose=False, system=False, add_to_model_list=True, metrics=None, display=<pycaret.internal.display.display.CommonDisplay object at 0x00000277F1D95990>, model_only=True, return_train_score=False, error_score=0.0, kwargs={})
2026-09-16 23:31:21,785:INFO:Checking exceptions
2026-09-16 23:31:21,785:INFO:Importing libraries
2026-09-16 23:31:21,785:INFO:Copying training dataset
2026-09-16 23:31:21,793:INFO:Defining folds
2026-09-16 23:31:21,793:INFO:Declaring metric variables
2026-09-16 23:31:21,793:INFO:Importing untrained model
2026-09-16 23:31:21,794:INFO:Naive Bayes Imported successfully
2026-09-16 23:31:21,794:INFO:Starting cross validation
2026-09-16 23:31:21,795:INFO:Cross validating with StratifiedKFold(n_splits=10, random_state=None, shuffle=False), n_jobs=-1
2026-09-16 23:31:21,894:INFO:Calculating mean and std
2026-09-16 23:31:21,895:INFO:Creating metrics dataframe
2026-09-16 23:31:21,897:INFO:Uploading results into container
2026-09-16 23:31:21,897:INFO:Uploading model into container now
2026-09-16 23:31:21,898:INFO:_master_model_container: 3
2026-09-16 23:31:21,898:INFO:_display_container: 2
2026-09-16 23:31:21,898:INFO:GaussianNB(priors=None, var_smoothing=1e-09)
2026-09-16 23:31:21,898:INFO:create_model() successfully completed......................................
2026-09-16 23:31:21,962:INFO:SubProcess create_model() end ==================================
2026-09-16 23:31:21,962:INFO:Creating metrics dataframe
2026-09-16 23:31:21,966:INFO:Initializing Decision Tree Classifier
2026-09-16 23:31:21,966:INFO:Total runtime is 0.19780653317769367 minutes
2026-09-16 23:31:21,966:INFO:SubProcess create_model() called ==================================
2026-09-16 23:31:21,966:INFO:Initializing create_model()
2026-09-16 23:31:21,966:INFO:create_model(self=<pycaret.classification.oop.ClassificationExperiment object at 0x00000277EA70BE90>, estimator=dt, fold=StratifiedKFold(n_splits=10, random_state=None, shuffle=False), round=4, cross_validation=True, predict=True, fit_kwargs={}, groups=None, refit=False, probability_threshold=None, experiment_custom_tags=None, verbose=False, system=False, add_to_model_list=True, metrics=None, display=<pycaret.internal.display.display.CommonDisplay object at 0x00000277F1D95990>, model_only=True, return_train_score=False, error_score=0.0, kwargs={})
2026-09-16 23:31:21,966:INFO:Checking exceptions
2026-09-16 23:31:21,966:INFO:Importing libraries
2026-09-16 23:31:21,967:INFO:Copying training dataset
2026-09-16 23:31:21,974:INFO:Defining folds
2026-09-16 23:31:21,975:INFO:Declaring metric variables
2026-09-16 23:31:21,975:INFO:Importing untrained model
2026-09-16 23:31:21,975:INFO:Decision Tree Classifier Imported successfully
2026-09-16 23:31:21,975:INFO:Starting cross validation
2026-09-16 23:31:21,976:INFO:Cross validating with StratifiedKFold(n_splits=10, random_state=None, shuffle=False), n_jobs=-1
2026-09-16 23:31:22,075:INFO:Calculating mean and std
2026-09-16 23:31:22,076:INFO:Creating metrics dataframe
2026-09-16 23:31:22,078:INFO:Uploading results into container
2026-09-16 23:31:22,078:INFO:Uploading model into container now
2026-09-16 23:31:22,079:INFO:_master_model_container: 4
2026-09-16 23:31:22,079:INFO:_display_container: 2
2026-09-16 23:31:22,079:INFO:DecisionTreeClassifier(ccp_alpha=0.0, class_weight=None, criterion='gini',
                       max_depth=None, max_features=None, max_leaf_nodes=None,
                       min_impurity_decrease=0.0, min_samples_leaf=1,
                       min_samples_split=2, min_weight_fraction_leaf=0.0,
                       monotonic_cst=None, random_state=3546, splitter='best')
2026-09-16 23:31:22,080:INFO:create_model() successfully completed......................................
2026-09-16 23:31:22,146:INFO:SubProcess create_model() end ==================================
2026-09-16 23:31:22,146:INFO:Creating metrics dataframe
2026-09-16 23:31:22,149:INFO:Initializing SVM - Linear Kernel
2026-09-16 23:31:22,149:INFO:Total runtime is 0.20087065696716308 minutes
2026-09-16 23:31:22,149:INFO:SubProcess create_model() called ==================================
2026-09-16 23:31:22,150:INFO:Initializing create_model()
2026-09-16 23:31:22,150:INFO:create_model(self=<pycaret.classification.oop.ClassificationExperiment object at 0x00000277EA70BE90>, estimator=svm, fold=StratifiedKFold(n_splits=10, random_state=None, shuffle=False), round=4, cross_validation=True, predict=True, fit_kwargs={}, groups=None, refit=False, probability_threshold=None, experiment_custom_tags=None, verbose=False, system=False, add_to_model_list=True, metrics=None, display=<pycaret.internal.display.display.CommonDisplay object at 0x00000277F1D95990>, model_only=True, return_train_score=False, error_score=0.0, kwargs={})
2026-09-16 23:31:22,150:INFO:Checking exceptions
2026-09-16 23:31:22,150:INFO:Importing libraries
2026-09-16 23:31:22,150:INFO:Copying training dataset
2026-09-16 23:31:22,163:INFO:Defining folds
2026-09-16 23:31:22,163:INFO:Declaring metric variables
2026-09-16 23:31:22,163:INFO:Importing untrained model
2026-09-16 23:31:22,164:INFO:SVM - Linear Kernel Imported successfully
2026-09-16 23:31:22,164:INFO:Starting cross validation
2026-09-16 23:31:22,165:INFO:Cross validating with StratifiedKFold(n_splits=10, random_state=None, shuffle=False), n_jobs=-1
2026-09-16 23:31:22,265:INFO:Calculating mean and std
2026-09-16 23:31:22,266:INFO:Creating metrics dataframe
2026-09-16 23:31:22,268:INFO:Uploading results into container
2026-09-16 23:31:22,268:INFO:Uploading model into container now
2026-09-16 23:31:22,269:INFO:_master_model_container: 5
2026-09-16 23:31:22,269:INFO:_display_container: 2
2026-09-16 23:31:22,269:INFO:SGDClassifier(alpha=0.0001, average=False, class_weight=None,
              early_stopping=False, epsilon=0.1, eta0=0.001, fit_intercept=True,
              l1_ratio=0.15, learning_rate='optimal', loss='hinge',
              max_iter=1000, n_iter_no_change=5, n_jobs=-1, penalty='l2',
              power_t=0.5, random_state=3546, shuffle=True, tol=0.001,
              validation_fraction=0.1, verbose=0, warm_start=False)
2026-09-16 23:31:22,269:INFO:create_model() successfully completed......................................
2026-09-16 23:31:22,333:INFO:SubProcess create_model() end ==================================
2026-09-16 23:31:22,334:INFO:Creating metrics dataframe
2026-09-16 23:31:22,337:INFO:Initializing Ridge Classifier
2026-09-16 23:31:22,337:INFO:Total runtime is 0.20399577617645262 minutes
2026-09-16 23:31:22,337:INFO:SubProcess create_model() called ==================================
2026-09-16 23:31:22,337:INFO:Initializing create_model()
2026-09-16 23:31:22,337:INFO:create_model(self=<pycaret.classification.oop.ClassificationExperiment object at 0x00000277EA70BE90>, estimator=ridge, fold=StratifiedKFold(n_splits=10, random_state=None, shuffle=False), round=4, cross_validation=True, predict=True, fit_kwargs={}, groups=None, refit=False, probability_threshold=None, experiment_custom_tags=None, verbose=False, system=False, add_to_model_list=True, metrics=None, display=<pycaret.internal.display.display.CommonDisplay object at 0x00000277F1D95990>, model_only=True, return_train_score=False, error_score=0.0, kwargs={})
2026-09-16 23:31:22,338:INFO:Checking exceptions
2026-09-16 23:31:22,338:INFO:Importing libraries
2026-09-16 23:31:22,338:INFO:Copying training dataset
2026-09-16 23:31:22,346:INFO:Defining folds
2026-09-16 23:31:22,346:INFO:Declaring metric variables
2026-09-16 23:31:22,346:INFO:Importing untrained model
2026-09-16 23:31:22,346:INFO:Ridge Classifier Imported successfully
2026-09-16 23:31:22,347:INFO:Starting cross validation
2026-09-16 23:31:22,347:INFO:Cross validating with StratifiedKFold(n_splits=10, random_state=None, shuffle=False), n_jobs=-1
2026-09-16 23:31:22,398:WARNING:C:\Users\rifqy\AppData\Local\Programs\Python\Python311\Lib\site-packages\sklearn\linear_model\_ridge.py:204: LinAlgWarning: Ill-conditioned matrix (rcond=4.7614e-09): result may not be accurate.
  return linalg.solve(A, Xy, assume_a="pos", overwrite_a=True).T

2026-09-16 23:31:22,398:WARNING:C:\Users\rifqy\AppData\Local\Programs\Python\Python311\Lib\site-packages\sklearn\linear_model\_ridge.py:204: LinAlgWarning: Ill-conditioned matrix (rcond=4.60733e-09): result may not be accurate.
  return linalg.solve(A, Xy, assume_a="pos", overwrite_a=True).T

2026-09-16 23:31:22,398:WARNING:C:\Users\rifqy\AppData\Local\Programs\Python\Python311\Lib\site-packages\sklearn\linear_model\_ridge.py:204: LinAlgWarning: Ill-conditioned matrix (rcond=4.59708e-09): result may not be accurate.
  return linalg.solve(A, Xy, assume_a="pos", overwrite_a=True).T

2026-09-16 23:31:22,399:WARNING:C:\Users\rifqy\AppData\Local\Programs\Python\Python311\Lib\site-packages\sklearn\linear_model\_ridge.py:204: LinAlgWarning: Ill-conditioned matrix (rcond=4.69499e-09): result may not be accurate.
  return linalg.solve(A, Xy, assume_a="pos", overwrite_a=True).T

2026-09-16 23:31:22,400:WARNING:C:\Users\rifqy\AppData\Local\Programs\Python\Python311\Lib\site-packages\sklearn\linear_model\_ridge.py:204: LinAlgWarning: Ill-conditioned matrix (rcond=4.43473e-09): result may not be accurate.
  return linalg.solve(A, Xy, assume_a="pos", overwrite_a=True).T

2026-09-16 23:31:22,409:WARNING:C:\Users\rifqy\AppData\Local\Programs\Python\Python311\Lib\site-packages\sklearn\linear_model\_ridge.py:204: LinAlgWarning: Ill-conditioned matrix (rcond=4.52115e-09): result may not be accurate.
  return linalg.solve(A, Xy, assume_a="pos", overwrite_a=True).T

2026-09-16 23:31:22,414:WARNING:C:\Users\rifqy\AppData\Local\Programs\Python\Python311\Lib\site-packages\sklearn\linear_model\_ridge.py:204: LinAlgWarning: Ill-conditioned matrix (rcond=4.51582e-09): result may not be accurate.
  return linalg.solve(A, Xy, assume_a="pos", overwrite_a=True).T

2026-09-16 23:31:22,449:INFO:Calculating mean and std
2026-09-16 23:31:22,450:INFO:Creating metrics dataframe
2026-09-16 23:31:22,452:INFO:Uploading results into container
2026-09-16 23:31:22,452:INFO:Uploading model into container now
2026-09-16 23:31:22,453:INFO:_master_model_container: 6
2026-09-16 23:31:22,453:INFO:_display_container: 2
2026-09-16 23:31:22,453:INFO:RidgeClassifier(alpha=1.0, class_weight=None, copy_X=True, fit_intercept=True,
                max_iter=None, positive=False, random_state=3546, solver='auto',
                tol=0.0001)
2026-09-16 23:31:22,453:INFO:create_model() successfully completed......................................
2026-09-16 23:31:22,515:INFO:SubProcess create_model() end ==================================
2026-09-16 23:31:22,515:INFO:Creating metrics dataframe
2026-09-16 23:31:22,518:INFO:Initializing Random Forest Classifier
2026-09-16 23:31:22,518:INFO:Total runtime is 0.20701953570048012 minutes
2026-09-16 23:31:22,518:INFO:SubProcess create_model() called ==================================
2026-09-16 23:31:22,519:INFO:Initializing create_model()
2026-09-16 23:31:22,519:INFO:create_model(self=<pycaret.classification.oop.ClassificationExperiment object at 0x00000277EA70BE90>, estimator=rf, fold=StratifiedKFold(n_splits=10, random_state=None, shuffle=False), round=4, cross_validation=True, predict=True, fit_kwargs={}, groups=None, refit=False, probability_threshold=None, experiment_custom_tags=None, verbose=False, system=False, add_to_model_list=True, metrics=None, display=<pycaret.internal.display.display.CommonDisplay object at 0x00000277F1D95990>, model_only=True, return_train_score=False, error_score=0.0, kwargs={})
2026-09-16 23:31:22,519:INFO:Checking exceptions
2026-09-16 23:31:22,519:INFO:Importing libraries
2026-09-16 23:31:22,519:INFO:Copying training dataset
2026-09-16 23:31:22,527:INFO:Defining folds
2026-09-16 23:31:22,527:INFO:Declaring metric variables
2026-09-16 23:31:22,527:INFO:Importing untrained model
2026-09-16 23:31:22,528:INFO:Random Forest Classifier Imported successfully
2026-09-16 23:31:22,528:INFO:Starting cross validation
2026-09-16 23:31:22,529:INFO:Cross validating with StratifiedKFold(n_splits=10, random_state=None, shuffle=False), n_jobs=-1
2026-09-16 23:31:23,078:INFO:Calculating mean and std
2026-09-16 23:31:23,079:INFO:Creating metrics dataframe
2026-09-16 23:31:23,081:INFO:Uploading results into container
2026-09-16 23:31:23,082:INFO:Uploading model into container now
2026-09-16 23:31:23,082:INFO:_master_model_container: 7
2026-09-16 23:31:23,082:INFO:_display_container: 2
2026-09-16 23:31:23,083:INFO:RandomForestClassifier(bootstrap=True, ccp_alpha=0.0, class_weight=None,
                       criterion='gini', max_depth=None, max_features='sqrt',
                       max_leaf_nodes=None, max_samples=None,
                       min_impurity_decrease=0.0, min_samples_leaf=1,
                       min_samples_split=2, min_weight_fraction_leaf=0.0,
                       monotonic_cst=None, n_estimators=100, n_jobs=-1,
                       oob_score=False, random_state=3546, verbose=0,
                       warm_start=False)
2026-09-16 23:31:23,083:INFO:create_model() successfully completed......................................
2026-09-16 23:31:23,146:INFO:SubProcess create_model() end ==================================
2026-09-16 23:31:23,146:INFO:Creating metrics dataframe
2026-09-16 23:31:23,149:INFO:Initializing Quadratic Discriminant Analysis
2026-09-16 23:31:23,150:INFO:Total runtime is 0.21752278010050455 minutes
2026-09-16 23:31:23,150:INFO:SubProcess create_model() called ==================================
2026-09-16 23:31:23,150:INFO:Initializing create_model()
2026-09-16 23:31:23,150:INFO:create_model(self=<pycaret.classification.oop.ClassificationExperiment object at 0x00000277EA70BE90>, estimator=qda, fold=StratifiedKFold(n_splits=10, random_state=None, shuffle=False), round=4, cross_validation=True, predict=True, fit_kwargs={}, groups=None, refit=False, probability_threshold=None, experiment_custom_tags=None, verbose=False, system=False, add_to_model_list=True, metrics=None, display=<pycaret.internal.display.display.CommonDisplay object at 0x00000277F1D95990>, model_only=True, return_train_score=False, error_score=0.0, kwargs={})
2026-09-16 23:31:23,150:INFO:Checking exceptions
2026-09-16 23:31:23,150:INFO:Importing libraries
2026-09-16 23:31:23,150:INFO:Copying training dataset
2026-09-16 23:31:23,157:INFO:Defining folds
2026-09-16 23:31:23,157:INFO:Declaring metric variables
2026-09-16 23:31:23,157:INFO:Importing untrained model
2026-09-16 23:31:23,159:INFO:Quadratic Discriminant Analysis Imported successfully
2026-09-16 23:31:23,159:INFO:Starting cross validation
2026-09-16 23:31:23,160:INFO:Cross validating with StratifiedKFold(n_splits=10, random_state=None, shuffle=False), n_jobs=-1
2026-09-16 23:31:23,257:INFO:Calculating mean and std
2026-09-16 23:31:23,258:INFO:Creating metrics dataframe
2026-09-16 23:31:23,260:INFO:Uploading results into container
2026-09-16 23:31:23,261:INFO:Uploading model into container now
2026-09-16 23:31:23,261:INFO:_master_model_container: 8
2026-09-16 23:31:23,261:INFO:_display_container: 2
2026-09-16 23:31:23,262:INFO:QuadraticDiscriminantAnalysis(priors=None, reg_param=0.0,
                              store_covariance=False, tol=0.0001)
2026-09-16 23:31:23,262:INFO:create_model() successfully completed......................................
2026-09-16 23:31:23,325:INFO:SubProcess create_model() end ==================================
2026-09-16 23:31:23,325:INFO:Creating metrics dataframe
2026-09-16 23:31:23,329:INFO:Initializing Ada Boost Classifier
2026-09-16 23:31:23,329:INFO:Total runtime is 0.22052551905314127 minutes
2026-09-16 23:31:23,329:INFO:SubProcess create_model() called ==================================
2026-09-16 23:31:23,329:INFO:Initializing create_model()
2026-09-16 23:31:23,329:INFO:create_model(self=<pycaret.classification.oop.ClassificationExperiment object at 0x00000277EA70BE90>, estimator=ada, fold=StratifiedKFold(n_splits=10, random_state=None, shuffle=False), round=4, cross_validation=True, predict=True, fit_kwargs={}, groups=None, refit=False, probability_threshold=None, experiment_custom_tags=None, verbose=False, system=False, add_to_model_list=True, metrics=None, display=<pycaret.internal.display.display.CommonDisplay object at 0x00000277F1D95990>, model_only=True, return_train_score=False, error_score=0.0, kwargs={})
2026-09-16 23:31:23,329:INFO:Checking exceptions
2026-09-16 23:31:23,329:INFO:Importing libraries
2026-09-16 23:31:23,329:INFO:Copying training dataset
2026-09-16 23:31:23,338:INFO:Defining folds
2026-09-16 23:31:23,338:INFO:Declaring metric variables
2026-09-16 23:31:23,338:INFO:Importing untrained model
2026-09-16 23:31:23,338:INFO:Ada Boost Classifier Imported successfully
2026-09-16 23:31:23,339:INFO:Starting cross validation
2026-09-16 23:31:23,340:INFO:Cross validating with StratifiedKFold(n_splits=10, random_state=None, shuffle=False), n_jobs=-1
2026-09-16 23:31:23,371:WARNING:C:\Users\rifqy\AppData\Local\Programs\Python\Python311\Lib\site-packages\sklearn\ensemble\_weight_boosting.py:519: FutureWarning: The SAMME.R algorithm (the default) is deprecated and will be removed in 1.6. Use the SAMME algorithm to circumvent this warning.
  warnings.warn(

2026-09-16 23:31:23,378:WARNING:C:\Users\rifqy\AppData\Local\Programs\Python\Python311\Lib\site-packages\sklearn\ensemble\_weight_boosting.py:519: FutureWarning: The SAMME.R algorithm (the default) is deprecated and will be removed in 1.6. Use the SAMME algorithm to circumvent this warning.
  warnings.warn(

2026-09-16 23:31:23,379:WARNING:C:\Users\rifqy\AppData\Local\Programs\Python\Python311\Lib\site-packages\sklearn\ensemble\_weight_boosting.py:519: FutureWarning: The SAMME.R algorithm (the default) is deprecated and will be removed in 1.6. Use the SAMME algorithm to circumvent this warning.
  warnings.warn(

2026-09-16 23:31:23,380:WARNING:C:\Users\rifqy\AppData\Local\Programs\Python\Python311\Lib\site-packages\sklearn\ensemble\_weight_boosting.py:519: FutureWarning: The SAMME.R algorithm (the default) is deprecated and will be removed in 1.6. Use the SAMME algorithm to circumvent this warning.
  warnings.warn(

2026-09-16 23:31:23,383:WARNING:C:\Users\rifqy\AppData\Local\Programs\Python\Python311\Lib\site-packages\sklearn\ensemble\_weight_boosting.py:519: FutureWarning: The SAMME.R algorithm (the default) is deprecated and will be removed in 1.6. Use the SAMME algorithm to circumvent this warning.
  warnings.warn(

2026-09-16 23:31:23,385:WARNING:C:\Users\rifqy\AppData\Local\Programs\Python\Python311\Lib\site-packages\sklearn\ensemble\_weight_boosting.py:519: FutureWarning: The SAMME.R algorithm (the default) is deprecated and will be removed in 1.6. Use the SAMME algorithm to circumvent this warning.
  warnings.warn(

2026-09-16 23:31:23,387:WARNING:C:\Users\rifqy\AppData\Local\Programs\Python\Python311\Lib\site-packages\sklearn\ensemble\_weight_boosting.py:519: FutureWarning: The SAMME.R algorithm (the default) is deprecated and will be removed in 1.6. Use the SAMME algorithm to circumvent this warning.
  warnings.warn(

2026-09-16 23:31:23,388:WARNING:C:\Users\rifqy\AppData\Local\Programs\Python\Python311\Lib\site-packages\sklearn\ensemble\_weight_boosting.py:519: FutureWarning: The SAMME.R algorithm (the default) is deprecated and will be removed in 1.6. Use the SAMME algorithm to circumvent this warning.
  warnings.warn(

2026-09-16 23:31:23,391:WARNING:C:\Users\rifqy\AppData\Local\Programs\Python\Python311\Lib\site-packages\sklearn\ensemble\_weight_boosting.py:519: FutureWarning: The SAMME.R algorithm (the default) is deprecated and will be removed in 1.6. Use the SAMME algorithm to circumvent this warning.
  warnings.warn(

2026-09-16 23:31:23,393:WARNING:C:\Users\rifqy\AppData\Local\Programs\Python\Python311\Lib\site-packages\sklearn\ensemble\_weight_boosting.py:519: FutureWarning: The SAMME.R algorithm (the default) is deprecated and will be removed in 1.6. Use the SAMME algorithm to circumvent this warning.
  warnings.warn(

2026-09-16 23:31:23,729:INFO:Calculating mean and std
2026-09-16 23:31:23,730:INFO:Creating metrics dataframe
2026-09-16 23:31:23,732:INFO:Uploading results into container
2026-09-16 23:31:23,732:INFO:Uploading model into container now
2026-09-16 23:31:23,733:INFO:_master_model_container: 9
2026-09-16 23:31:23,733:INFO:_display_container: 2
2026-09-16 23:31:23,733:INFO:AdaBoostClassifier(algorithm='SAMME.R', estimator=None, learning_rate=1.0,
                   n_estimators=50, random_state=3546)
2026-09-16 23:31:23,733:INFO:create_model() successfully completed......................................
2026-09-16 23:31:23,794:INFO:SubProcess create_model() end ==================================
2026-09-16 23:31:23,794:INFO:Creating metrics dataframe
2026-09-16 23:31:23,797:INFO:Initializing Gradient Boosting Classifier
2026-09-16 23:31:23,797:INFO:Total runtime is 0.22833198706309 minutes
2026-09-16 23:31:23,798:INFO:SubProcess create_model() called ==================================
2026-09-16 23:31:23,798:INFO:Initializing create_model()
2026-09-16 23:31:23,798:INFO:create_model(self=<pycaret.classification.oop.ClassificationExperiment object at 0x00000277EA70BE90>, estimator=gbc, fold=StratifiedKFold(n_splits=10, random_state=None, shuffle=False), round=4, cross_validation=True, predict=True, fit_kwargs={}, groups=None, refit=False, probability_threshold=None, experiment_custom_tags=None, verbose=False, system=False, add_to_model_list=True, metrics=None, display=<pycaret.internal.display.display.CommonDisplay object at 0x00000277F1D95990>, model_only=True, return_train_score=False, error_score=0.0, kwargs={})
2026-09-16 23:31:23,798:INFO:Checking exceptions
2026-09-16 23:31:23,798:INFO:Importing libraries
2026-09-16 23:31:23,798:INFO:Copying training dataset
2026-09-16 23:31:23,806:INFO:Defining folds
2026-09-16 23:31:23,806:INFO:Declaring metric variables
2026-09-16 23:31:23,806:INFO:Importing untrained model
2026-09-16 23:31:23,807:INFO:Gradient Boosting Classifier Imported successfully
2026-09-16 23:31:23,807:INFO:Starting cross validation
2026-09-16 23:31:23,808:INFO:Cross validating with StratifiedKFold(n_splits=10, random_state=None, shuffle=False), n_jobs=-1
2026-09-16 23:31:24,714:INFO:Calculating mean and std
2026-09-16 23:31:24,715:INFO:Creating metrics dataframe
2026-09-16 23:31:24,717:INFO:Uploading results into container
2026-09-16 23:31:24,717:INFO:Uploading model into container now
2026-09-16 23:31:24,718:INFO:_master_model_container: 10
2026-09-16 23:31:24,718:INFO:_display_container: 2
2026-09-16 23:31:24,718:INFO:GradientBoostingClassifier(ccp_alpha=0.0, criterion='friedman_mse', init=None,
                           learning_rate=0.1, loss='log_loss', max_depth=3,
                           max_features=None, max_leaf_nodes=None,
                           min_impurity_decrease=0.0, min_samples_leaf=1,
                           min_samples_split=2, min_weight_fraction_leaf=0.0,
                           n_estimators=100, n_iter_no_change=None,
                           random_state=3546, subsample=1.0, tol=0.0001,
                           validation_fraction=0.1, verbose=0,
                           warm_start=False)
2026-09-16 23:31:24,718:INFO:create_model() successfully completed......................................
2026-09-16 23:31:24,781:INFO:SubProcess create_model() end ==================================
2026-09-16 23:31:24,781:INFO:Creating metrics dataframe
2026-09-16 23:31:24,784:INFO:Initializing Linear Discriminant Analysis
2026-09-16 23:31:24,784:INFO:Total runtime is 0.2447841684023539 minutes
2026-09-16 23:31:24,784:INFO:SubProcess create_model() called ==================================
2026-09-16 23:31:24,785:INFO:Initializing create_model()
2026-09-16 23:31:24,785:INFO:create_model(self=<pycaret.classification.oop.ClassificationExperiment object at 0x00000277EA70BE90>, estimator=lda, fold=StratifiedKFold(n_splits=10, random_state=None, shuffle=False), round=4, cross_validation=True, predict=True, fit_kwargs={}, groups=None, refit=False, probability_threshold=None, experiment_custom_tags=None, verbose=False, system=False, add_to_model_list=True, metrics=None, display=<pycaret.internal.display.display.CommonDisplay object at 0x00000277F1D95990>, model_only=True, return_train_score=False, error_score=0.0, kwargs={})
2026-09-16 23:31:24,785:INFO:Checking exceptions
2026-09-16 23:31:24,785:INFO:Importing libraries
2026-09-16 23:31:24,785:INFO:Copying training dataset
2026-09-16 23:31:24,793:INFO:Defining folds
2026-09-16 23:31:24,793:INFO:Declaring metric variables
2026-09-16 23:31:24,793:INFO:Importing untrained model
2026-09-16 23:31:24,794:INFO:Linear Discriminant Analysis Imported successfully
2026-09-16 23:31:24,794:INFO:Starting cross validation
2026-09-16 23:31:24,795:INFO:Cross validating with StratifiedKFold(n_splits=10, random_state=None, shuffle=False), n_jobs=-1
2026-09-16 23:31:24,883:INFO:Calculating mean and std
2026-09-16 23:31:24,884:INFO:Creating metrics dataframe
2026-09-16 23:31:24,886:INFO:Uploading results into container
2026-09-16 23:31:24,886:INFO:Uploading model into container now
2026-09-16 23:31:24,887:INFO:_master_model_container: 11
2026-09-16 23:31:24,887:INFO:_display_container: 2
2026-09-16 23:31:24,887:INFO:LinearDiscriminantAnalysis(covariance_estimator=None, n_components=None,
                           priors=None, shrinkage=None, solver='svd',
                           store_covariance=False, tol=0.0001)
2026-09-16 23:31:24,887:INFO:create_model() successfully completed......................................
2026-09-16 23:31:24,953:INFO:SubProcess create_model() end ==================================
2026-09-16 23:31:24,954:INFO:Creating metrics dataframe
2026-09-16 23:31:24,957:INFO:Initializing Extra Trees Classifier
2026-09-16 23:31:24,957:INFO:Total runtime is 0.24766024748484292 minutes
2026-09-16 23:31:24,957:INFO:SubProcess create_model() called ==================================
2026-09-16 23:31:24,957:INFO:Initializing create_model()
2026-09-16 23:31:24,957:INFO:create_model(self=<pycaret.classification.oop.ClassificationExperiment object at 0x00000277EA70BE90>, estimator=et, fold=StratifiedKFold(n_splits=10, random_state=None, shuffle=False), round=4, cross_validation=True, predict=True, fit_kwargs={}, groups=None, refit=False, probability_threshold=None, experiment_custom_tags=None, verbose=False, system=False, add_to_model_list=True, metrics=None, display=<pycaret.internal.display.display.CommonDisplay object at 0x00000277F1D95990>, model_only=True, return_train_score=False, error_score=0.0, kwargs={})
2026-09-16 23:31:24,957:INFO:Checking exceptions
2026-09-16 23:31:24,958:INFO:Importing libraries
2026-09-16 23:31:24,958:INFO:Copying training dataset
2026-09-16 23:31:24,965:INFO:Defining folds
2026-09-16 23:31:24,966:INFO:Declaring metric variables
2026-09-16 23:31:24,966:INFO:Importing untrained model
2026-09-16 23:31:24,966:INFO:Extra Trees Classifier Imported successfully
2026-09-16 23:31:24,967:INFO:Starting cross validation
2026-09-16 23:31:24,968:INFO:Cross validating with StratifiedKFold(n_splits=10, random_state=None, shuffle=False), n_jobs=-1
2026-09-16 23:31:25,361:INFO:Calculating mean and std
2026-09-16 23:31:25,363:INFO:Creating metrics dataframe
2026-09-16 23:31:25,367:INFO:Uploading results into container
2026-09-16 23:31:25,368:INFO:Uploading model into container now
2026-09-16 23:31:25,369:INFO:_master_model_container: 12
2026-09-16 23:31:25,369:INFO:_display_container: 2
2026-09-16 23:31:25,370:INFO:ExtraTreesClassifier(bootstrap=False, ccp_alpha=0.0, class_weight=None,
                     criterion='gini', max_depth=None, max_features='sqrt',
                     max_leaf_nodes=None, max_samples=None,
                     min_impurity_decrease=0.0, min_samples_leaf=1,
                     min_samples_split=2, min_weight_fraction_leaf=0.0,
                     monotonic_cst=None, n_estimators=100, n_jobs=-1,
                     oob_score=False, random_state=3546, verbose=0,
                     warm_start=False)
2026-09-16 23:31:25,370:INFO:create_model() successfully completed......................................
2026-09-16 23:31:25,436:INFO:SubProcess create_model() end ==================================
2026-09-16 23:31:25,437:INFO:Creating metrics dataframe
2026-09-16 23:31:25,440:INFO:Initializing Light Gradient Boosting Machine
2026-09-16 23:31:25,440:INFO:Total runtime is 0.2557212988535563 minutes
2026-09-16 23:31:25,440:INFO:SubProcess create_model() called ==================================
2026-09-16 23:31:25,440:INFO:Initializing create_model()
2026-09-16 23:31:25,440:INFO:create_model(self=<pycaret.classification.oop.ClassificationExperiment object at 0x00000277EA70BE90>, estimator=lightgbm, fold=StratifiedKFold(n_splits=10, random_state=None, shuffle=False), round=4, cross_validation=True, predict=True, fit_kwargs={}, groups=None, refit=False, probability_threshold=None, experiment_custom_tags=None, verbose=False, system=False, add_to_model_list=True, metrics=None, display=<pycaret.internal.display.display.CommonDisplay object at 0x00000277F1D95990>, model_only=True, return_train_score=False, error_score=0.0, kwargs={})
2026-09-16 23:31:25,440:INFO:Checking exceptions
2026-09-16 23:31:25,441:INFO:Importing libraries
2026-09-16 23:31:25,441:INFO:Copying training dataset
2026-09-16 23:31:25,448:INFO:Defining folds
2026-09-16 23:31:25,448:INFO:Declaring metric variables
2026-09-16 23:31:25,449:INFO:Importing untrained model
2026-09-16 23:31:25,449:INFO:Light Gradient Boosting Machine Imported successfully
2026-09-16 23:31:25,450:INFO:Starting cross validation
2026-09-16 23:31:25,451:INFO:Cross validating with StratifiedKFold(n_splits=10, random_state=None, shuffle=False), n_jobs=-1
2026-09-16 23:31:25,576:WARNING:create_model() for lightgbm raised an exception or returned all 0.0, trying without fit_kwargs:
2026-09-16 23:31:25,582:WARNING:Traceback (most recent call last):
  File "C:\Users\rifqy\AppData\Local\Programs\Python\Python311\Lib\site-packages\pycaret\internal\pycaret_experiment\supervised_experiment.py", line 794, in compare_models
    model, model_fit_time = self._create_model(**create_model_args)
                            ^^^^^^^^^^^^^^^^^^^^^^^^^^^^^^^^^^^^^^^
  File "C:\Users\rifqy\AppData\Local\Programs\Python\Python311\Lib\site-packages\pycaret\internal\pycaret_experiment\supervised_experiment.py", line 1533, in _create_model
    model, model_fit_time, model_results, _ = self._create_model_with_cv(
                                              ^^^^^^^^^^^^^^^^^^^^^^^^^^^
  File "C:\Users\rifqy\AppData\Local\Programs\Python\Python311\Lib\site-packages\pycaret\internal\pycaret_experiment\supervised_experiment.py", line 1126, in _create_model_with_cv
    scores = cross_validate(
             ^^^^^^^^^^^^^^^
  File "C:\Users\rifqy\AppData\Local\Programs\Python\Python311\Lib\site-packages\sklearn\utils\_param_validation.py", line 213, in wrapper
    return func(*args, **kwargs)
           ^^^^^^^^^^^^^^^^^^^^^
  File "C:\Users\rifqy\AppData\Local\Programs\Python\Python311\Lib\site-packages\sklearn\model_selection\_validation.py", line 450, in cross_validate
    _warn_or_raise_about_fit_failures(results, error_score)
  File "C:\Users\rifqy\AppData\Local\Programs\Python\Python311\Lib\site-packages\sklearn\model_selection\_validation.py", line 536, in _warn_or_raise_about_fit_failures
    raise ValueError(all_fits_failed_message)
ValueError: 
All the 10 fits failed.
It is very likely that your model is misconfigured.
You can try to debug the error by setting error_score='raise'.

Below are more details about the failures:
--------------------------------------------------------------------------------
10 fits failed with the following error:
Traceback (most recent call last):
  File "C:\Users\rifqy\AppData\Local\Programs\Python\Python311\Lib\site-packages\sklearn\model_selection\_validation.py", line 895, in _fit_and_score
    estimator.fit(X_train, y_train, **fit_params)
  File "C:\Users\rifqy\AppData\Local\Programs\Python\Python311\Lib\site-packages\pycaret\internal\pipeline.py", line 278, in fit
    fitted_estimator = self._memory_fit(
                       ^^^^^^^^^^^^^^^^^
  File "C:\Users\rifqy\AppData\Local\Programs\Python\Python311\Lib\site-packages\joblib\memory.py", line 353, in __call__
    return self.func(*args, **kwargs)
           ^^^^^^^^^^^^^^^^^^^^^^^^^^
  File "C:\Users\rifqy\AppData\Local\Programs\Python\Python311\Lib\site-packages\pycaret\internal\pipeline.py", line 69, in _fit_one
    transformer.fit(*args)
  File "C:\Users\rifqy\AppData\Local\Programs\Python\Python311\Lib\site-packages\lightgbm\sklearn.py", line 1704, in fit
    super().fit(
  File "C:\Users\rifqy\AppData\Local\Programs\Python\Python311\Lib\site-packages\lightgbm\sklearn.py", line 1171, in fit
    self._Booster = train(
                    ^^^^^^
  File "C:\Users\rifqy\AppData\Local\Programs\Python\Python311\Lib\site-packages\lightgbm\engine.py", line 296, in train
    booster = Booster(params=params, train_set=train_set)
              ^^^^^^^^^^^^^^^^^^^^^^^^^^^^^^^^^^^^^^^^^^^
  File "C:\Users\rifqy\AppData\Local\Programs\Python\Python311\Lib\site-packages\lightgbm\basic.py", line 3758, in __init__
    train_set.construct()
  File "C:\Users\rifqy\AppData\Local\Programs\Python\Python311\Lib\site-packages\lightgbm\basic.py", line 2574, in construct
    self._lazy_init(
  File "C:\Users\rifqy\AppData\Local\Programs\Python\Python311\Lib\site-packages\lightgbm\basic.py", line 2189, in _lazy_init
    self.set_label(label)
  File "C:\Users\rifqy\AppData\Local\Programs\Python\Python311\Lib\site-packages\lightgbm\basic.py", line 3097, in set_label
    self.set_field("label", label_array)
  File "C:\Users\rifqy\AppData\Local\Programs\Python\Python311\Lib\site-packages\lightgbm\basic.py", line 2860, in set_field
    _LIB.LGBM_DatasetSetField(
OSError: exception: access violation reading 0x0000000000000000


2026-09-16 23:31:25,583:INFO:Initializing create_model()
2026-09-16 23:31:25,583:INFO:create_model(self=<pycaret.classification.oop.ClassificationExperiment object at 0x00000277EA70BE90>, estimator=lightgbm, fold=StratifiedKFold(n_splits=10, random_state=None, shuffle=False), round=4, cross_validation=True, predict=True, fit_kwargs={}, groups=None, refit=False, probability_threshold=None, experiment_custom_tags=None, verbose=False, system=False, add_to_model_list=True, metrics=None, display=<pycaret.internal.display.display.CommonDisplay object at 0x00000277F1D95990>, model_only=True, return_train_score=False, error_score=0.0, kwargs={})
2026-09-16 23:31:25,583:INFO:Checking exceptions
2026-09-16 23:31:25,583:INFO:Importing libraries
2026-09-16 23:31:25,583:INFO:Copying training dataset
2026-09-16 23:31:25,597:INFO:Defining folds
2026-09-16 23:31:25,597:INFO:Declaring metric variables
2026-09-16 23:31:25,597:INFO:Importing untrained model
2026-09-16 23:31:25,598:INFO:Light Gradient Boosting Machine Imported successfully
2026-09-16 23:31:25,599:INFO:Starting cross validation
2026-09-16 23:31:25,600:INFO:Cross validating with StratifiedKFold(n_splits=10, random_state=None, shuffle=False), n_jobs=-1
2026-09-16 23:31:25,755:ERROR:create_model() for lightgbm raised an exception or returned all 0.0:
2026-09-16 23:31:25,759:ERROR:Traceback (most recent call last):
  File "C:\Users\rifqy\AppData\Local\Programs\Python\Python311\Lib\site-packages\pycaret\internal\pycaret_experiment\supervised_experiment.py", line 794, in compare_models
    model, model_fit_time = self._create_model(**create_model_args)
                            ^^^^^^^^^^^^^^^^^^^^^^^^^^^^^^^^^^^^^^^
  File "C:\Users\rifqy\AppData\Local\Programs\Python\Python311\Lib\site-packages\pycaret\internal\pycaret_experiment\supervised_experiment.py", line 1533, in _create_model
    model, model_fit_time, model_results, _ = self._create_model_with_cv(
                                              ^^^^^^^^^^^^^^^^^^^^^^^^^^^
  File "C:\Users\rifqy\AppData\Local\Programs\Python\Python311\Lib\site-packages\pycaret\internal\pycaret_experiment\supervised_experiment.py", line 1126, in _create_model_with_cv
    scores = cross_validate(
             ^^^^^^^^^^^^^^^
  File "C:\Users\rifqy\AppData\Local\Programs\Python\Python311\Lib\site-packages\sklearn\utils\_param_validation.py", line 213, in wrapper
    return func(*args, **kwargs)
           ^^^^^^^^^^^^^^^^^^^^^
  File "C:\Users\rifqy\AppData\Local\Programs\Python\Python311\Lib\site-packages\sklearn\model_selection\_validation.py", line 450, in cross_validate
    _warn_or_raise_about_fit_failures(results, error_score)
  File "C:\Users\rifqy\AppData\Local\Programs\Python\Python311\Lib\site-packages\sklearn\model_selection\_validation.py", line 536, in _warn_or_raise_about_fit_failures
    raise ValueError(all_fits_failed_message)
ValueError: 
All the 10 fits failed.
It is very likely that your model is misconfigured.
You can try to debug the error by setting error_score='raise'.

Below are more details about the failures:
--------------------------------------------------------------------------------
10 fits failed with the following error:
Traceback (most recent call last):
  File "C:\Users\rifqy\AppData\Local\Programs\Python\Python311\Lib\site-packages\sklearn\model_selection\_validation.py", line 895, in _fit_and_score
    estimator.fit(X_train, y_train, **fit_params)
  File "C:\Users\rifqy\AppData\Local\Programs\Python\Python311\Lib\site-packages\pycaret\internal\pipeline.py", line 278, in fit
    fitted_estimator = self._memory_fit(
                       ^^^^^^^^^^^^^^^^^
  File "C:\Users\rifqy\AppData\Local\Programs\Python\Python311\Lib\site-packages\joblib\memory.py", line 353, in __call__
    return self.func(*args, **kwargs)
           ^^^^^^^^^^^^^^^^^^^^^^^^^^
  File "C:\Users\rifqy\AppData\Local\Programs\Python\Python311\Lib\site-packages\pycaret\internal\pipeline.py", line 69, in _fit_one
    transformer.fit(*args)
  File "C:\Users\rifqy\AppData\Local\Programs\Python\Python311\Lib\site-packages\lightgbm\sklearn.py", line 1704, in fit
    super().fit(
  File "C:\Users\rifqy\AppData\Local\Programs\Python\Python311\Lib\site-packages\lightgbm\sklearn.py", line 1171, in fit
    self._Booster = train(
                    ^^^^^^
  File "C:\Users\rifqy\AppData\Local\Programs\Python\Python311\Lib\site-packages\lightgbm\engine.py", line 296, in train
    booster = Booster(params=params, train_set=train_set)
              ^^^^^^^^^^^^^^^^^^^^^^^^^^^^^^^^^^^^^^^^^^^
  File "C:\Users\rifqy\AppData\Local\Programs\Python\Python311\Lib\site-packages\lightgbm\basic.py", line 3758, in __init__
    train_set.construct()
  File "C:\Users\rifqy\AppData\Local\Programs\Python\Python311\Lib\site-packages\lightgbm\basic.py", line 2574, in construct
    self._lazy_init(
  File "C:\Users\rifqy\AppData\Local\Programs\Python\Python311\Lib\site-packages\lightgbm\basic.py", line 2189, in _lazy_init
    self.set_label(label)
  File "C:\Users\rifqy\AppData\Local\Programs\Python\Python311\Lib\site-packages\lightgbm\basic.py", line 3097, in set_label
    self.set_field("label", label_array)
  File "C:\Users\rifqy\AppData\Local\Programs\Python\Python311\Lib\site-packages\lightgbm\basic.py", line 2860, in set_field
    _LIB.LGBM_DatasetSetField(
OSError: exception: access violation reading 0x0000000000000000


During handling of the above exception, another exception occurred:

Traceback (most recent call last):
  File "C:\Users\rifqy\AppData\Local\Programs\Python\Python311\Lib\site-packages\pycaret\internal\pycaret_experiment\supervised_experiment.py", line 815, in compare_models
    model, model_fit_time = self._create_model(**create_model_args)
                            ^^^^^^^^^^^^^^^^^^^^^^^^^^^^^^^^^^^^^^^
  File "C:\Users\rifqy\AppData\Local\Programs\Python\Python311\Lib\site-packages\pycaret\internal\pycaret_experiment\supervised_experiment.py", line 1533, in _create_model
    model, model_fit_time, model_results, _ = self._create_model_with_cv(
                                              ^^^^^^^^^^^^^^^^^^^^^^^^^^^
  File "C:\Users\rifqy\AppData\Local\Programs\Python\Python311\Lib\site-packages\pycaret\internal\pycaret_experiment\supervised_experiment.py", line 1126, in _create_model_with_cv
    scores = cross_validate(
             ^^^^^^^^^^^^^^^
  File "C:\Users\rifqy\AppData\Local\Programs\Python\Python311\Lib\site-packages\sklearn\utils\_param_validation.py", line 213, in wrapper
    return func(*args, **kwargs)
           ^^^^^^^^^^^^^^^^^^^^^
  File "C:\Users\rifqy\AppData\Local\Programs\Python\Python311\Lib\site-packages\sklearn\model_selection\_validation.py", line 450, in cross_validate
    _warn_or_raise_about_fit_failures(results, error_score)
  File "C:\Users\rifqy\AppData\Local\Programs\Python\Python311\Lib\site-packages\sklearn\model_selection\_validation.py", line 536, in _warn_or_raise_about_fit_failures
    raise ValueError(all_fits_failed_message)
ValueError: 
All the 10 fits failed.
It is very likely that your model is misconfigured.
You can try to debug the error by setting error_score='raise'.

Below are more details about the failures:
--------------------------------------------------------------------------------
10 fits failed with the following error:
Traceback (most recent call last):
  File "C:\Users\rifqy\AppData\Local\Programs\Python\Python311\Lib\site-packages\sklearn\model_selection\_validation.py", line 895, in _fit_and_score
    estimator.fit(X_train, y_train, **fit_params)
  File "C:\Users\rifqy\AppData\Local\Programs\Python\Python311\Lib\site-packages\pycaret\internal\pipeline.py", line 278, in fit
    fitted_estimator = self._memory_fit(
                       ^^^^^^^^^^^^^^^^^
  File "C:\Users\rifqy\AppData\Local\Programs\Python\Python311\Lib\site-packages\joblib\memory.py", line 353, in __call__
    return self.func(*args, **kwargs)
           ^^^^^^^^^^^^^^^^^^^^^^^^^^
  File "C:\Users\rifqy\AppData\Local\Programs\Python\Python311\Lib\site-packages\pycaret\internal\pipeline.py", line 69, in _fit_one
    transformer.fit(*args)
  File "C:\Users\rifqy\AppData\Local\Programs\Python\Python311\Lib\site-packages\lightgbm\sklearn.py", line 1704, in fit
    super().fit(
  File "C:\Users\rifqy\AppData\Local\Programs\Python\Python311\Lib\site-packages\lightgbm\sklearn.py", line 1171, in fit
    self._Booster = train(
                    ^^^^^^
  File "C:\Users\rifqy\AppData\Local\Programs\Python\Python311\Lib\site-packages\lightgbm\engine.py", line 296, in train
    booster = Booster(params=params, train_set=train_set)
              ^^^^^^^^^^^^^^^^^^^^^^^^^^^^^^^^^^^^^^^^^^^
  File "C:\Users\rifqy\AppData\Local\Programs\Python\Python311\Lib\site-packages\lightgbm\basic.py", line 3758, in __init__
    train_set.construct()
  File "C:\Users\rifqy\AppData\Local\Programs\Python\Python311\Lib\site-packages\lightgbm\basic.py", line 2574, in construct
    self._lazy_init(
  File "C:\Users\rifqy\AppData\Local\Programs\Python\Python311\Lib\site-packages\lightgbm\basic.py", line 2189, in _lazy_init
    self.set_label(label)
  File "C:\Users\rifqy\AppData\Local\Programs\Python\Python311\Lib\site-packages\lightgbm\basic.py", line 3097, in set_label
    self.set_field("label", label_array)
  File "C:\Users\rifqy\AppData\Local\Programs\Python\Python311\Lib\site-packages\lightgbm\basic.py", line 2860, in set_field
    _LIB.LGBM_DatasetSetField(
OSError: exception: access violation reading 0x0000000000000000


2026-09-16 23:31:25,760:INFO:Initializing Dummy Classifier
2026-09-16 23:31:25,760:INFO:Total runtime is 0.2610486030578613 minutes
2026-09-16 23:31:25,760:INFO:SubProcess create_model() called ==================================
2026-09-16 23:31:25,761:INFO:Initializing create_model()
2026-09-16 23:31:25,761:INFO:create_model(self=<pycaret.classification.oop.ClassificationExperiment object at 0x00000277EA70BE90>, estimator=dummy, fold=StratifiedKFold(n_splits=10, random_state=None, shuffle=False), round=4, cross_validation=True, predict=True, fit_kwargs={}, groups=None, refit=False, probability_threshold=None, experiment_custom_tags=None, verbose=False, system=False, add_to_model_list=True, metrics=None, display=<pycaret.internal.display.display.CommonDisplay object at 0x00000277F1D95990>, model_only=True, return_train_score=False, error_score=0.0, kwargs={})
2026-09-16 23:31:25,761:INFO:Checking exceptions
2026-09-16 23:31:25,761:INFO:Importing libraries
2026-09-16 23:31:25,761:INFO:Copying training dataset
2026-09-16 23:31:25,775:INFO:Defining folds
2026-09-16 23:31:25,775:INFO:Declaring metric variables
2026-09-16 23:31:25,776:INFO:Importing untrained model
2026-09-16 23:31:25,776:INFO:Dummy Classifier Imported successfully
2026-09-16 23:31:25,777:INFO:Starting cross validation
2026-09-16 23:31:25,778:INFO:Cross validating with StratifiedKFold(n_splits=10, random_state=None, shuffle=False), n_jobs=-1
2026-09-16 23:31:25,904:INFO:Calculating mean and std
2026-09-16 23:31:25,905:INFO:Creating metrics dataframe
2026-09-16 23:31:25,909:INFO:Uploading results into container
2026-09-16 23:31:25,909:INFO:Uploading model into container now
2026-09-16 23:31:25,910:INFO:_master_model_container: 13
2026-09-16 23:31:25,910:INFO:_display_container: 2
2026-09-16 23:31:25,911:INFO:DummyClassifier(constant=None, random_state=3546, strategy='prior')
2026-09-16 23:31:25,911:INFO:create_model() successfully completed......................................
2026-09-16 23:31:25,974:INFO:SubProcess create_model() end ==================================
2026-09-16 23:31:25,974:INFO:Creating metrics dataframe
2026-09-16 23:31:25,977:WARNING:C:\Users\rifqy\AppData\Local\Programs\Python\Python311\Lib\site-packages\pycaret\internal\pycaret_experiment\supervised_experiment.py:339: FutureWarning: Styler.applymap has been deprecated. Use Styler.map instead.
  .applymap(highlight_cols, subset=["TT (Sec)"])

2026-09-16 23:31:25,979:INFO:Initializing create_model()
2026-09-16 23:31:25,979:INFO:create_model(self=<pycaret.classification.oop.ClassificationExperiment object at 0x00000277EA70BE90>, estimator=ExtraTreesClassifier(bootstrap=False, ccp_alpha=0.0, class_weight=None,
                     criterion='gini', max_depth=None, max_features='sqrt',
                     max_leaf_nodes=None, max_samples=None,
                     min_impurity_decrease=0.0, min_samples_leaf=1,
                     min_samples_split=2, min_weight_fraction_leaf=0.0,
                     monotonic_cst=None, n_estimators=100, n_jobs=-1,
                     oob_score=False, random_state=3546, verbose=0,
                     warm_start=False), fold=StratifiedKFold(n_splits=10, random_state=None, shuffle=False), round=4, cross_validation=False, predict=False, fit_kwargs={}, groups=None, refit=True, probability_threshold=None, experiment_custom_tags=None, verbose=False, system=False, add_to_model_list=True, metrics=None, display=None, model_only=True, return_train_score=False, error_score=0.0, kwargs={})
2026-09-16 23:31:25,979:INFO:Checking exceptions
2026-09-16 23:31:25,980:INFO:Importing libraries
2026-09-16 23:31:25,980:INFO:Copying training dataset
2026-09-16 23:31:25,988:INFO:Defining folds
2026-09-16 23:31:25,988:INFO:Declaring metric variables
2026-09-16 23:31:25,988:INFO:Importing untrained model
2026-09-16 23:31:25,988:INFO:Declaring custom model
2026-09-16 23:31:25,989:INFO:Extra Trees Classifier Imported successfully
2026-09-16 23:31:25,990:INFO:Cross validation set to False
2026-09-16 23:31:25,990:INFO:Fitting Model
2026-09-16 23:31:26,140:INFO:ExtraTreesClassifier(bootstrap=False, ccp_alpha=0.0, class_weight=None,
                     criterion='gini', max_depth=None, max_features='sqrt',
                     max_leaf_nodes=None, max_samples=None,
                     min_impurity_decrease=0.0, min_samples_leaf=1,
                     min_samples_split=2, min_weight_fraction_leaf=0.0,
                     monotonic_cst=None, n_estimators=100, n_jobs=-1,
                     oob_score=False, random_state=3546, verbose=0,
                     warm_start=False)
2026-09-16 23:31:26,140:INFO:create_model() successfully completed......................................
2026-09-16 23:31:26,223:INFO:_master_model_container: 13
2026-09-16 23:31:26,223:INFO:_display_container: 2
2026-09-16 23:31:26,223:INFO:ExtraTreesClassifier(bootstrap=False, ccp_alpha=0.0, class_weight=None,
                     criterion='gini', max_depth=None, max_features='sqrt',
                     max_leaf_nodes=None, max_samples=None,
                     min_impurity_decrease=0.0, min_samples_leaf=1,
                     min_samples_split=2, min_weight_fraction_leaf=0.0,
                     monotonic_cst=None, n_estimators=100, n_jobs=-1,
                     oob_score=False, random_state=3546, verbose=0,
                     warm_start=False)
2026-09-16 23:31:26,223:INFO:compare_models() successfully completed......................................
